piece	TimeSig	KeySig	last_mc	last_mn	length_qb	last_mc_unfolded	last_mn_unfolded	length_qb_unfolded	all_notes_qb	n_onsets	n_onset_positions	guitar_chord_count	form_label_count	label_count	SID	composed_start	composed_end	composer	workTitle	movementNumber	movementTitle	workNumber	poet	lyricist	arranger	copyright	creationDate	platform	source	translator	title_text	subtitle_text	composer_text	musescore	ms3_version	subdirectory	rel_path	has_drumset	ambitus	staff_1_instrument	staff_1_ambitus	staff_2_instrument	staff_2_ambitus
A-MCAU_RE1755-001_SID080	1: 4/4	1: 0	10	10	40.0	15	15	60.0	72.0	70	36	0	0	0	80	1755	1755	Johann Balthasar Rein	Vierstimmig Choralbuch, worinnen alle Melodien, des Schleswig-Hollsteinischen Gesangbuchs, enthalten sind		Ach! ach! wie drücken meine Sünden						2021-04-07	Microsoft Windows			Vierstimmig Choralbuch, worinnen alle Melodien, des Schleswig-Hollsteinischen Gesangbuchs, enthalten sind	Ach! ach! wie drücken meine Sünden	Johann Balthasar Rein	3.6.2	2.5.3	1755_VierstimmigChoralbuch/Analysis-MusiCAU	1755_VierstimmigChoralbuch/Analysis-MusiCAU/A-MCAU_RE1755-001_SID080.mscx	False	40-76 (E2-E5)	Piano	64-76 (E4-E5)	Piano	40-57 (E2-A3)
A-MCAU_RE1755-002	1: 3/4	1: 2	14	13	36.0	19	17	48.0	72.0	73	40	0	0	0		1755	1755	Johann Balthasar Rein	Vierstimmig Choralbuch, worinnen alle Melodien, des Schleswig-Hollsteinischen Gesangbuchs, enthalten sind		Ach, alles was Himmel und Erden umschließet						2022-06-22	Microsoft Windows			Vierstimmig Choralbuch, worinnen alle Melodien, des Schleswig-Hollsteinischen Gesangbuchs, enthalten sind	Ach, alles was Himmel und Erden umschließet	Johann Balthasar Rein	3.6.2	2.5.3	1755_VierstimmigChoralbuch/Analysis-MusiCAU	1755_VierstimmigChoralbuch/Analysis-MusiCAU/A-MCAU_RE1755-002.mscx	False	43-76 (G2-E5)	Piano	62-76 (D4-E5)	Piano	43-57 (G2-A3)
A-MCAU_RE1755-003	1: 4/4	1: -2	13	13	52.0	13	13	52.0	90.0	82	42	0	0	0		1755	1755	Johann Balthasar Rein	Vierstimmig Choralbuch, worinnen alle Melodien, des Schleswig-Hollsteinischen Gesangbuchs, enthalten sind		Ach, bleib bey uns Herr Jesu Christ						2022-06-22	Microsoft Windows			Vierstimmig Choralbuch, worinnen alle Melodien, des Schleswig-Hollsteinischen Gesangbuchs, enthalten sind	Ach, bleib bey uns Herr Jesu Christ	Johann Balthasar Rein	3.6.2	2.5.3	1755_VierstimmigChoralbuch/Analysis-MusiCAU	1755_VierstimmigChoralbuch/Analysis-MusiCAU/A-MCAU_RE1755-003.mscx	False	41-77 (F2-F5)	Piano	65-77 (F4-F5)	Piano	41-55 (F2-G3)
A-MCAU_RE1755-004_SID046	1: 4/4	1: -2	16	16	64.0	16	16	64.0	112.0	99	52	0	0	0	46	1755	1755	Johann Balthasar Rein	Vierstimmig Choralbuch, worinnen alle Melodien, des Schleswig-Hollsteinischen Gesangbuchs, enthalten sind		Ach, daß ein jeder nahm in acht						2021-03-01	Microsoft Windows			Vierstimmig Choralbuch, worinnen alle Melodien, des Schleswig-Hollsteinischen Gesangbuchs, enthalten sind	Ach, daß ein jeder nahm in acht	Johann Balthasar Rein	3.6.2	2.5.3	1755_VierstimmigChoralbuch/Analysis-MusiCAU	1755_VierstimmigChoralbuch/Analysis-MusiCAU/A-MCAU_RE1755-004_SID046.mscx	False	41-74 (F2-D5)	Piano	65-74 (F4-D5)	Piano	41-55 (F2-G3)
A-MCAU_RE1755-005_SID097	1: 4/4	1: -2	14	14	56.0	19	19	76.0	108.0	96	52	0	0	0	97	1755	1755	Johann Balthasar Rein	Vierstimmig Choralbuch, worinnen alle Melodien, des Schleswig-Hollsteinischen Gesangbuchs, enthalten sind		Ach, ein Wort von großer Treue						2022-04-06	Microsoft Windows			Vierstimmig Choralbuch, worinnen alle Melodien, des Schleswig-Hollsteinischen Gesangbuchs, enthalten sind	Ach, ein Wort von großer Treue	Johann Balthasar Rein	3.6.2	2.5.3	1755_VierstimmigChoralbuch/Analysis-MusiCAU	1755_VierstimmigChoralbuch/Analysis-MusiCAU/A-MCAU_RE1755-005_SID097.mscx	False	43-75 (G2-Eb5)	Piano	65-75 (F4-Eb5)	Piano	43-58 (G2-Bb3)
A-MCAU_RE1755-006_SID069	1: 4/4	1: -1	15	15	60.0	15	15	60.0	108.0	105	56	0	0	0	69	1755	1755	Johann Balthasar Rein	Vierstimmig Choralbuch, worinnen alle Melodien, des Schleswig-Hollsteinischen Gesangbuchs, enthalten sind		Ach, freundlichster Herr Jesu Christ						2021-04-07	Microsoft Windows			Vierstimmig Choralbuch, worinnen alle Melodien, des Schleswig-Hollsteinischen Gesangbuchs, enthalten sind	Ach, freundlichster Herr Jesu Christ	Johann Balthasar Rein	3.6.2	2.5.3	1755_VierstimmigChoralbuch/Analysis-MusiCAU	1755_VierstimmigChoralbuch/Analysis-MusiCAU/A-MCAU_RE1755-006_SID069.mscx	False	40-77 (E2-F5)	Piano	62-77 (D4-F5)	Piano	40-57 (E2-A3)
A-MCAU_RE1755-007_SID037	1: 4/4	1: -2	13	13	52.0	18	18	72.0	90.0	83	45	0	0	0	37	1755	1755	Johann Balthasar Rein	Vierstimmig Choralbuch, worinnen alle Melodien, des Schleswig-Hollsteinischen Gesangbuchs, enthalten sind		Ach Gott! es hat mich ganz verderbt						2021-03-03	Microsoft Windows			Vierstimmig Choralbuch, worinnen alle Melodien, des Schleswig-Hollsteinischen Gesangbuchs, enthalten sind	Ach Gott! es hat mich ganz verderbt	Johann Balthasar Rein	3.6.2	2.5.3	1755_VierstimmigChoralbuch/Analysis-MusiCAU	1755_VierstimmigChoralbuch/Analysis-MusiCAU/A-MCAU_RE1755-007_SID037.mscx	False	38-74 (D2-D5)	Piano	62-74 (D4-D5)	Piano	38-55 (D2-G3)
A-MCAU_RE1755-008_SID096	1: 4/4	1: 0	23	23	92.0	33	33	132.0	166.0	155	83	0	0	0	96	1755	1755	Johann Balthasar Rein	Vierstimmig Choralbuch, worinnen alle Melodien, des Schleswig-Hollsteinischen Gesangbuchs, enthalten sind		Ach Gott! ich dencke nun daran						2022-04-06	Microsoft Windows			Vierstimmig Choralbuch, worinnen alle Melodien, des Schleswig-Hollsteinischen Gesangbuchs, enthalten sind	Ach Gott! ich dencke nun daran	Johann Balthasar Rein	3.6.2	2.5.3	1755_VierstimmigChoralbuch/Analysis-MusiCAU	1755_VierstimmigChoralbuch/Analysis-MusiCAU/A-MCAU_RE1755-008_SID096.mscx	False	40-76 (E2-E5)	Piano	60-76 (C4-E5)	Piano	40-57 (E2-A3)
A-MCAU_RE1755-009_SID036	1: 4/4	1: -2	10	10	40.0	10	10	40.0	72.0	70	38	0	0	0	36	1755	1755	Johann Balthasar Rein	Vierstimmig Choralbuch, worinnen alle Melodien, des Schleswig-Hollsteinischen Gesangbuchs, enthalten sind		Ach Gott! in was für Freudigkeit						2021-03-03	Microsoft Windows			Vierstimmig Choralbuch, worinnen alle Melodien, des Schleswig-Hollsteinischen Gesangbuchs, enthalten sind	Ach Gott! in was für Freudigkeit	Johann Balthasar Rein	3.6.2	2.5.3	1755_VierstimmigChoralbuch/Analysis-MusiCAU	1755_VierstimmigChoralbuch/Analysis-MusiCAU/A-MCAU_RE1755-009_SID036.mscx	False	41-75 (F2-Eb5)	Piano	65-75 (F4-Eb5)	Piano	41-58 (F2-Bb3)
A-MCAU_RE1755-010_SID011	1: 4/4	1: -1	14	14	56.0	19	19	76.0	98.0	97	51	0	0	0	11	1755	1755	Johann Balthasar Rein	Vierstimmig Choralbuch, worinnen alle Melodien, des Schleswig-Hollsteinischen Gesangbuchs, enthalten sind		Ach Gott! mich drückt ein schwerer Stein						2021-02-21	Microsoft Windows			Vierstimmig Choralbuch, worinnen alle Melodien, des Schleswig-Hollsteinischen Gesangbuchs, enthalten sind	Ach Gott! mich drückt ein schwerer Stein	Johann Balthasar Rein	3.6.2	2.5.3	1755_VierstimmigChoralbuch/Analysis-MusiCAU	1755_VierstimmigChoralbuch/Analysis-MusiCAU/A-MCAU_RE1755-010_SID011.mscx	False	40-76 (E2-E5)	Piano	62-76 (D4-E5)	Piano	40-53 (E2-F3)
A-MCAU_RE1755-011_SID001	1: 4/4	1: 0	11	11	44.0	11	11	44.0	76.0	66	36	0	0	0	1	1755	1755	Johann Balthasar Rein	Vierstimmig Choralbuch, worinnen alle Melodien, des Schleswig-Hollsteinischen Gesangbuchs, enthalten sind		Ach Gott und Herr						2021-01-28	Microsoft Windows			Vierstimmig Choralbuch, worinnen alle Melodien, des Schleswig-Hollsteinischen Gesangbuchs, enthalten sind	Ach Gott und Herr	Johann Balthasar Rein	3.6.2	2.5.3	1755_VierstimmigChoralbuch/Analysis-MusiCAU	1755_VierstimmigChoralbuch/Analysis-MusiCAU/A-MCAU_RE1755-011_SID001.mscx	False	43-76 (G2-E5)	Piano	67-76 (G4-E5)	Piano	43-55 (G2-G3)
A-MCAU_RE1755-012_SID002	1: 4/4	1: 0	13	13	52.0	18	18	72.0	90.0	87	46	0	0	0	2	1755	1755	Johann Balthasar Rein	Vierstimmig Choralbuch, worinnen alle Melodien, des Schleswig-Hollsteinischen Gesangbuchs, enthalten sind		Ach Gott! vom Himmel sieh darein						2021-01-28	Microsoft Windows			Vierstimmig Choralbuch, worinnen alle Melodien, des Schleswig-Hollsteinischen Gesangbuchs, enthalten sind	Ach Gott! vom Himmel sieh darein	Johann Balthasar Rein	3.6.2	2.5.3	1755_VierstimmigChoralbuch/Analysis-MusiCAU	1755_VierstimmigChoralbuch/Analysis-MusiCAU/A-MCAU_RE1755-012_SID002.mscx	False	40-76 (E2-E5)	Piano	64-76 (E4-E5)	Piano	40-57 (E2-A3)
A-MCAU_RE1755-013_SID012	1: 4/4	1: -1	18	18	72.0	23	23	92.0	126.0	119	63	0	0	0	12	1755	1755	Johann Balthasar Rein	Vierstimmig Choralbuch, worinnen alle Melodien, des Schleswig-Hollsteinischen Gesangbuchs, enthalten sind		Ach Gott! wie ist dein Ebenbild						2021-10-22	Microsoft Windows			Vierstimmig Choralbuch, worinnen alle Melodien, des Schleswig-Hollsteinischen Gesangbuchs, enthalten sind	Ach Gott! wie ist dein Ebenbild	Johann Balthasar Rein	3.6.2	2.5.3	1755_VierstimmigChoralbuch/Analysis-MusiCAU	1755_VierstimmigChoralbuch/Analysis-MusiCAU/A-MCAU_RE1755-013_SID012.mscx	False	41-76 (F2-E5)	Piano	62-76 (D4-E5)	Piano	41-57 (F2-A3)
A-MCAU_RE1755-014_SID021	1: 4/4	1: -3	16	16	64.0	21	21	84.0	116.0	110	60	0	0	0	21	1755	1755	Johann Balthasar Rein	Vierstimmig Choralbuch, worinnen alle Melodien, des Schleswig-Hollsteinischen Gesangbuchs, enthalten sind		Ach Gott! wie schrecklich ist dein Grimm						2021-02-21	Microsoft Windows			Vierstimmig Choralbuch, worinnen alle Melodien, des Schleswig-Hollsteinischen Gesangbuchs, enthalten sind	Ach Gott! wie schrecklich ist dein Grimm	Johann Balthasar Rein	3.6.2	2.5.3	1755_VierstimmigChoralbuch/Analysis-MusiCAU	1755_VierstimmigChoralbuch/Analysis-MusiCAU/A-MCAU_RE1755-014_SID021.mscx	False	44-75 (Ab2-Eb5)	Piano	63-75 (Eb4-Eb5)	Piano	44-58 (Ab2-Bb3)
A-MCAU_RE1755-015_SID085	1: 4/4	1: -2	13	13	52.0	18	18	72.0	90.0	79	40	0	0	0	85	1755	1755	Johann Balthasar Rein	Vierstimmig Choralbuch, worinnen alle Melodien, des Schleswig-Hollsteinischen Gesangbuchs, enthalten sind		Ach Herre, du gerechter Gott						2021-04-07	Microsoft Windows			Vierstimmig Choralbuch, worinnen alle Melodien, des Schleswig-Hollsteinischen Gesangbuchs, enthalten sind	Ach Herre, du gerechter Gott	Johann Balthasar Rein	3.6.2	2.5.3	1755_VierstimmigChoralbuch/Analysis-MusiCAU	1755_VierstimmigChoralbuch/Analysis-MusiCAU/A-MCAU_RE1755-015_SID085.mscx	False	41-74 (F2-D5)	Piano	65-74 (F4-D5)	Piano	41-55 (F2-G3)
A-MCAU_RE1755-016_SID029	1: 4/4	1: 1	14	14	56.0	19	19	76.0	108.0	94	49	0	0	0	29	1755	1755	Johann Balthasar Rein	Vierstimmig Choralbuch, worinnen alle Melodien, des Schleswig-Hollsteinischen Gesangbuchs, enthalten sind		Ach Herr! lehre mich bedencken						2021-02-21	Microsoft Windows			Vierstimmig Choralbuch, worinnen alle Melodien, des Schleswig-Hollsteinischen Gesangbuchs, enthalten sind	Ach Herr! lehre mich bedencken	Johann Balthasar Rein	3.6.2	2.5.3	1755_VierstimmigChoralbuch/Analysis-MusiCAU	1755_VierstimmigChoralbuch/Analysis-MusiCAU/A-MCAU_RE1755-016_SID029.mscx	False	38-76 (D2-E5)	Piano	62-76 (D4-E5)	Piano	38-59 (D2-B3)
A-MCAU_RE1755-017_SID077	1: 4/4	1: 0	15	15	60.0	20	20	80.0	108.0	99	53	0	0	0	77	1755	1755	Johann Balthasar Rein	Vierstimmig Choralbuch, worinnen alle Melodien, des Schleswig-Hollsteinischen Gesangbuchs, enthalten sind		Ach höchster Gott! verleihe mir						2021-10-22	Microsoft Windows			Vierstimmig Choralbuch, worinnen alle Melodien, des Schleswig-Hollsteinischen Gesangbuchs, enthalten sind	Ach höchster Gott! verleihe mir	Johann Balthasar Rein	3.6.2	2.5.3	1755_VierstimmigChoralbuch/Analysis-MusiCAU	1755_VierstimmigChoralbuch/Analysis-MusiCAU/A-MCAU_RE1755-017_SID077.mscx	False	40-74 (E2-D5)	Piano	64-74 (E4-D5)	Piano	40-57 (E2-A3)
A-MCAU_RE1755-018	1: 3/4	1: -1	26	26	78.0	26	26	78.0	156.0	117	62	0	0	0		1755	1755	Johann Balthasar Rein	Vierstimmig Choralbuch, worinnen alle Melodien, des Schleswig-Hollsteinischen Gesangbuchs, enthalten sind		Ach hört doch und faßt guten Muth						2022-07-28	Microsoft Windows			Vierstimmig Choralbuch, worinnen alle Melodien, des Schleswig-Hollsteinischen Gesangbuchs, enthalten sind	Ach hört doch und faßt guten Muth	Johann Balthasar Rein	3.6.2	2.5.3	1755_VierstimmigChoralbuch/Analysis-MusiCAU	1755_VierstimmigChoralbuch/Analysis-MusiCAU/A-MCAU_RE1755-018.mscx	False	38-77 (D2-F5)	Piano	62-77 (D4-F5)	Piano	38-57 (D2-A3)
A-MCAU_RE1755-019_SID060	1: 4/4	1: 0	13	13	52.0	18	18	72.0	88.0	76	39	0	0	0	60	1755	1755	Johann Balthasar Rein	Vierstimmig Choralbuch, worinnen alle Melodien, des Schleswig-Hollsteinischen Gesangbuchs, enthalten sind		Ach Jesu, deßen Treu						2021-10-22	Microsoft Windows			Vierstimmig Choralbuch, worinnen alle Melodien, des Schleswig-Hollsteinischen Gesangbuchs, enthalten sind	Ach Jesu, deßen Treu	Johann Balthasar Rein	3.6.2	2.5.3	1755_VierstimmigChoralbuch/Analysis-MusiCAU	1755_VierstimmigChoralbuch/Analysis-MusiCAU/A-MCAU_RE1755-019_SID060.mscx	False	40-74 (E2-D5)	Piano	60-74 (C4-D5)	Piano	40-57 (E2-A3)
A-MCAU_RE1755-020_SID087	1: 3/4	1: 1	27	26	78.0	27	26	78.0	156.0	120	66	0	0	0	87	1755	1755	Johann Balthasar Rein	Vierstimmig Choralbuch, worinnen alle Melodien, des Schleswig-Hollsteinischen Gesangbuchs, enthalten sind		Ach Jesu, meiner Seelen Freude						2021-11-30	Microsoft Windows			Vierstimmig Choralbuch, worinnen alle Melodien, des Schleswig-Hollsteinischen Gesangbuchs, enthalten sind	Ach Jesu, meiner Seelen Freude	Johann Balthasar Rein	3.6.2	2.5.3	1755_VierstimmigChoralbuch/Analysis-MusiCAU	1755_VierstimmigChoralbuch/Analysis-MusiCAU/A-MCAU_RE1755-020_SID087.mscx	False	38-74 (D2-D5)	Piano	64-74 (E4-D5)	Piano	38-57 (D2-A3)
A-MCAU_RE1755-021	1: 4/4	1: -1	10	10	40.0	10	10	40.0	72.0	70	37	0	0	0		1755	1755	Johann Balthasar Rein	Vierstimmig Choralbuch, worinnen alle Melodien, des Schleswig-Hollsteinischen Gesangbuchs, enthalten sind		Ach Jesu, werther Gnaden Thron						2022-06-21	Microsoft Windows			Vierstimmig Choralbuch, worinnen alle Melodien, des Schleswig-Hollsteinischen Gesangbuchs, enthalten sind	Ach Jesu, werther Gnaden Thron	Johann Balthasar Rein	3.6.2	2.5.3	1755_VierstimmigChoralbuch/Analysis-MusiCAU	1755_VierstimmigChoralbuch/Analysis-MusiCAU/A-MCAU_RE1755-021.mscx	False	41-74 (F2-D5)	Piano	65-74 (F4-D5)	Piano	41-57 (F2-A3)
A-MCAU_RE1755-022_SID039	1: 4/4	1: -1	11	11	44.0	11	11	44.0	76.0	70	37	0	0	0	39	1755	1755	Johann Balthasar Rein	Vierstimmig Choralbuch, worinnen alle Melodien, des Schleswig-Hollsteinischen Gesangbuchs, enthalten sind		Ach komm, du süßer Lebens-Saft						2021-03-03	Microsoft Windows			Vierstimmig Choralbuch, worinnen alle Melodien, des Schleswig-Hollsteinischen Gesangbuchs, enthalten sind	Ach komm, du süßer Lebens-Saft	Johann Balthasar Rein	3.6.2	2.5.3	1755_VierstimmigChoralbuch/Analysis-MusiCAU	1755_VierstimmigChoralbuch/Analysis-MusiCAU/A-MCAU_RE1755-022_SID039.mscx	False	41-74 (F2-D5)	Piano	65-74 (F4-D5)	Piano	41-53 (F2-F3)
A-MCAU_RE1755-023_SID046	1: 4/4	1: -2	31	31	124.0	31	31	124.0	224.0	205	111	0	0	0	46	1755	1755	Johann Balthasar Rein	Vierstimmig Choralbuch, worinnen alle Melodien, des Schleswig-Hollsteinischen Gesangbuchs, enthalten sind		Ach lieber Mensch, erkenne recht						2023-07-24	Microsoft Windows			Vierstimmig Choralbuch, worinnen alle Melodien, des Schleswig-Hollsteinischen Gesangbuchs, enthalten sind	Ach lieber Mensch, erkenne recht	Johann Balthasar Rein	3.6.2	2.5.3	1755_VierstimmigChoralbuch/Analysis-MusiCAU	1755_VierstimmigChoralbuch/Analysis-MusiCAU/A-MCAU_RE1755-023_SID046.mscx	False	41-74 (F2-D5)	Piano	65-74 (F4-D5)	Piano	41-55 (F2-G3)
A-MCAU_RE1755-024_SID088	1: 4/4	1: -2	10	10	40.0	15	15	60.0	76.0	68	37	0	0	0	88	1755	1755	Johann Balthasar Rein	Vierstimmig Choralbuch, worinnen alle Melodien, des Schleswig-Hollsteinischen Gesangbuchs, enthalten sind		Ach mein Jesu! welch Verderben						2022-04-06	Microsoft Windows			Vierstimmig Choralbuch, worinnen alle Melodien, des Schleswig-Hollsteinischen Gesangbuchs, enthalten sind	Ach mein Jesu! welch Verderben	Johann Balthasar Rein	3.6.2	2.5.3	1755_VierstimmigChoralbuch/Analysis-MusiCAU	1755_VierstimmigChoralbuch/Analysis-MusiCAU/A-MCAU_RE1755-024_SID088.mscx	False	38-77 (D2-F5)	Piano	66-77 (F#4-F5)	Piano	38-58 (D2-Bb3)
A-MCAU_RE1755-025	1: 3/4	1: 2	17	17	48.0	17	17	48.0	96.0	84	45	0	0	0		1755	1755	Johann Balthasar Rein	Vierstimmig Choralbuch, worinnen alle Melodien, des Schleswig-Hollsteinischen Gesangbuchs, enthalten sind		Ach Liebster! Zeuch mich von der Erden						2022-06-21	Microsoft Windows			Vierstimmig Choralbuch, worinnen alle Melodien, des Schleswig-Hollsteinischen Gesangbuchs, enthalten sind	Ach Liebster! Zeuch mich von der Erden	Johann Balthasar Rein	3.6.2	2.5.3	1755_VierstimmigChoralbuch/Analysis-MusiCAU	1755_VierstimmigChoralbuch/Analysis-MusiCAU/A-MCAU_RE1755-025.mscx	False	38-74 (D2-D5)	Piano	62-74 (D4-D5)	Piano	38-50 (D2-D3)
A-MCAU_RE1755-026_SID026	1: 4/4	1: 1	13	13	52.0	18	18	72.0	90.0	85	47	0	0	0	26	1755	1755	Johann Balthasar Rein	Vierstimmig Choralbuch, worinnen alle Melodien, des Schleswig-Hollsteinischen Gesangbuchs, enthalten sind		Ach! meine Seel kan ihre Ruh						2021-02-21	Microsoft Windows			Vierstimmig Choralbuch, worinnen alle Melodien, des Schleswig-Hollsteinischen Gesangbuchs, enthalten sind	Ach! meine Seel kan ihre Ruh	Johann Balthasar Rein	3.6.2	2.5.3	1755_VierstimmigChoralbuch/Analysis-MusiCAU	1755_VierstimmigChoralbuch/Analysis-MusiCAU/A-MCAU_RE1755-026_SID026.mscx	False	43-74 (G2-D5)	Piano	62-74 (D4-D5)	Piano	43-55 (G2-G3)
A-MCAU_RE1755-027_SID089	1: 4/4	1: 1	9	9	36.0	14	14	56.0	68.0	62	33	0	0	0	89	1755	1755	Johann Balthasar Rein	Vierstimmig Choralbuch, worinnen alle Melodien, des Schleswig-Hollsteinischen Gesangbuchs, enthalten sind		Ach mein Hertze; gieb dich drein						2021-11-30	Microsoft Windows			Vierstimmig Choralbuch, worinnen alle Melodien, des Schleswig-Hollsteinischen Gesangbuchs, enthalten sind	Ach mein Hertze; gieb dich drein	Johann Balthasar Rein	3.6.2	2.5.3	1755_VierstimmigChoralbuch/Analysis-MusiCAU	1755_VierstimmigChoralbuch/Analysis-MusiCAU/A-MCAU_RE1755-027_SID089.mscx	False	43-76 (G2-E5)	Piano	67-76 (G4-E5)	Piano	43-57 (G2-A3)
A-MCAU_RE1755-028	1: 4/4	1: 0	22	22	88.0	22	22	88.0	156.0	154	81	0	0	0		1755	1755	Johann Balthasar Rein	Vierstimmig Choralbuch, worinnen alle Melodien, des Schleswig-Hollsteinischen Gesangbuchs, enthalten sind		Ach! möcht' ich meinen Jesum sehen						2023-07-24	Microsoft Windows			Vierstimmig Choralbuch, worinnen alle Melodien, des Schleswig-Hollsteinischen Gesangbuchs, enthalten sind	Ach! möcht' ich meinen Jesum sehen	Johann Balthasar Rein	3.6.2	2.5.3	1755_VierstimmigChoralbuch/Analysis-MusiCAU	1755_VierstimmigChoralbuch/Analysis-MusiCAU/A-MCAU_RE1755-028.mscx	False	40-76 (E2-E5)	Piano	60-76 (C4-E5)	Piano	40-57 (E2-A3)
A-MCAU_RE1755-029_SID042	1: 4/4	1: 1	13	13	52.0	13	13	52.0	90.0	85	45	0	0	0	42	1755	1755	Johann Balthasar Rein	Vierstimmig Choralbuch, worinnen alle Melodien, des Schleswig-Hollsteinischen Gesangbuchs, enthalten sind		Ach! traure nicht, mein Herz und Sinn						2021-03-10	Microsoft Windows			Vierstimmig Choralbuch, worinnen alle Melodien, des Schleswig-Hollsteinischen Gesangbuchs, enthalten sind	Ach! traure nicht, mein Herz und Sinn	Johann Balthasar Rein	3.6.2	2.5.3	1755_VierstimmigChoralbuch/Analysis-MusiCAU	1755_VierstimmigChoralbuch/Analysis-MusiCAU/A-MCAU_RE1755-029_SID042.mscx	False	40-76 (E2-E5)	Piano	63-76 (D#4-E5)	Piano	40-59 (E2-B3)
A-MCAU_RE1755-030	1: 3/4	1: 1	12	12	36.0	12	12	36.0	72.0	73	40	0	0	0		1755	1755	Johann Balthasar Rein	Vierstimmig Choralbuch, worinnen alle Melodien, des Schleswig-Hollsteinischen Gesangbuchs, enthalten sind		Ach treib aus meiner Seel						2022-07-28	Microsoft Windows			Vierstimmig Choralbuch, worinnen alle Melodien, des Schleswig-Hollsteinischen Gesangbuchs, enthalten sind	Ach treib aus meiner Seel	Johann Balthasar Rein	3.6.2	2.5.3	1755_VierstimmigChoralbuch/Analysis-MusiCAU	1755_VierstimmigChoralbuch/Analysis-MusiCAU/A-MCAU_RE1755-030.mscx	False	40-76 (E2-E5)	Piano	64-76 (E4-E5)	Piano	40-59 (E2-B3)
A-MCAU_RE1755-031_SID017	1: 4/4	1: 0	15	15	60.0	20	20	80.0	108.0	101	54	0	0	0	17	1755	1755	Johann Balthasar Rein	Vierstimmig Choralbuch, worinnen alle Melodien, des Schleswig-Hollsteinischen Gesangbuchs, enthalten sind		Ach weh! ach weh! wo soll ich hin						2021-02-21	Microsoft Windows			Vierstimmig Choralbuch, worinnen alle Melodien, des Schleswig-Hollsteinischen Gesangbuchs, enthalten sind	Ach weh! ach weh! wo soll ich hin	Johann Balthasar Rein	3.6.2	2.5.3	1755_VierstimmigChoralbuch/Analysis-MusiCAU	1755_VierstimmigChoralbuch/Analysis-MusiCAU/A-MCAU_RE1755-031_SID017.mscx	False	43-76 (G2-E5)	Piano	62-76 (D4-E5)	Piano	43-55 (G2-G3)
A-MCAU_RE1755-032_SID091	1: 4/4	1: 1	12	12	48.0	16	16	64.0	96.0	98	53	0	0	0	91	1755	1755	Johann Balthasar Rein	Vierstimmig Choralbuch, worinnen alle Melodien, des Schleswig-Hollsteinischen Gesangbuchs, enthalten sind		Ach! wenn kömmet doch die Stunde						2022-04-06	Microsoft Windows			Vierstimmig Choralbuch, worinnen alle Melodien, des Schleswig-Hollsteinischen Gesangbuchs, enthalten sind	Ach! wenn kömmet doch die Stunde	Johann Balthasar Rein	3.6.2	2.5.3	1755_VierstimmigChoralbuch/Analysis-MusiCAU	1755_VierstimmigChoralbuch/Analysis-MusiCAU/A-MCAU_RE1755-032_SID091.mscx	False	43-76 (G2-E5)	Piano	67-76 (G4-E5)	Piano	43-57 (G2-A3)
A-MCAU_RE1755-033_SID025	1: 4/4	1: 2	13	13	52.0	18	18	72.0	94.0	89	47	0	0	0	25	1755	1755	Johann Balthasar Rein	Vierstimmig Choralbuch, worinnen alle Melodien, des Schleswig-Hollsteinischen Gesangbuchs, enthalten sind		Ach! wie elend ist unser Zeit						2021-02-21	Microsoft Windows			Vierstimmig Choralbuch, worinnen alle Melodien, des Schleswig-Hollsteinischen Gesangbuchs, enthalten sind	Ach! wie elend ist unser Zeit	Johann Balthasar Rein	3.6.2	2.5.3	1755_VierstimmigChoralbuch/Analysis-MusiCAU	1755_VierstimmigChoralbuch/Analysis-MusiCAU/A-MCAU_RE1755-033_SID025.mscx	False	43-74 (G2-D5)	Piano	62-74 (D4-D5)	Piano	43-55 (G2-G3)
A-MCAU_RE1755-034	1: 4/4	1: -2	10	10	40.0	10	10	40.0	80.0	77	39	0	0	0		1755	1755	Johann Balthasar Rein	Vierstimmig Choralbuch, worinnen alle Melodien, des Schleswig-Hollsteinischen Gesangbuchs, enthalten sind		Ach wie köstlich! ach wie tröstlich!						2022-06-22	Microsoft Windows			Vierstimmig Choralbuch, worinnen alle Melodien, des Schleswig-Hollsteinischen Gesangbuchs, enthalten sind	Ach wie köstlich! ach wie tröstlich!	Johann Balthasar Rein	3.6.2	2.5.3	1755_VierstimmigChoralbuch/Analysis-MusiCAU	1755_VierstimmigChoralbuch/Analysis-MusiCAU/A-MCAU_RE1755-034.mscx	False	41-75 (F2-Eb5)	Piano	67-75 (G4-Eb5)	Piano	41-58 (F2-Bb3)
A-MCAU_RE1755-035_SID081	1: 4/4	1: 2	16	16	64.0	24	24	96.0	118.0	106	59	0	0	0	81	1755	1755	Johann Balthasar Rein	Vierstimmig Choralbuch, worinnen alle Melodien, des Schleswig-Hollsteinischen Gesangbuchs, enthalten sind		Ach wunder-großer Sieges-Held						2021-04-07	Microsoft Windows			Vierstimmig Choralbuch, worinnen alle Melodien, des Schleswig-Hollsteinischen Gesangbuchs, enthalten sind	Ach wunder-großer Sieges-Held	Johann Balthasar Rein	3.6.2	2.5.3	1755_VierstimmigChoralbuch/Analysis-MusiCAU	1755_VierstimmigChoralbuch/Analysis-MusiCAU/A-MCAU_RE1755-035_SID081.mscx	False	40-74 (E2-D5)	Piano	62-74 (D4-D5)	Piano	40-57 (E2-A3)
A-MCAU_RE1755-036_SID086	1: 4/4	1: 1	14	14	56.0	14	14	56.0	100.0	89	49	0	0	0	86	1755	1755	Johann Balthasar Rein	Vierstimmig Choralbuch, worinnen alle Melodien, des Schleswig-Hollsteinischen Gesangbuchs, enthalten sind		Ade, du süße Welt						2021-04-07	Microsoft Windows			Vierstimmig Choralbuch, worinnen alle Melodien, des Schleswig-Hollsteinischen Gesangbuchs, enthalten sind	Ade, du süße Welt	Johann Balthasar Rein	3.6.2	2.5.3	1755_VierstimmigChoralbuch/Analysis-MusiCAU	1755_VierstimmigChoralbuch/Analysis-MusiCAU/A-MCAU_RE1755-036_SID086.mscx	False	40-74 (E2-D5)	Piano	64-74 (E4-D5)	Piano	40-55 (E2-G3)
A-MCAU_RE1755-037_SID004	1: 3/4	1: 1	21	20	61.0	21	20	61.0	120.0	97	55	0	0	0	4	1755	1755	Johann Balthasar Rein	Vierstimmig Choralbuch, worinnen alle Melodien, des Schleswig-Hollsteinischen Gesangbuchs, enthalten sind		Allein Gott in der Höh sey Ehr						2021-02-11	Microsoft Windows			Vierstimmig Choralbuch, worinnen alle Melodien, des Schleswig-Hollsteinischen Gesangbuchs, enthalten sind	Allein Gott in der Höh sey Ehr	Johann Balthasar Rein	3.6.2	2.5.3	1755_VierstimmigChoralbuch/Analysis-MusiCAU	1755_VierstimmigChoralbuch/Analysis-MusiCAU/A-MCAU_RE1755-037_SID004.mscx	False	43-74 (G2-D5)	Piano	67-74 (G4-D5)	Piano	43-57 (G2-A3)
A-MCAU_RE1755-038_SID005	1: 4/4	1: -2	18	18	72.0	24	24	96.0	128.0	122	66	0	0	0	5	1755	1755	Johann Balthasar Rein	Vierstimmig Choralbuch, worinnen alle Melodien, des Schleswig-Hollsteinischen Gesangbuchs, enthalten sind		Allein zu dir Herr Jesu Christ						2021-02-21	Microsoft Windows			Vierstimmig Choralbuch, worinnen alle Melodien, des Schleswig-Hollsteinischen Gesangbuchs, enthalten sind	Allein zu dir Herr Jesu Christ	Johann Balthasar Rein	3.6.2	2.5.3	1755_VierstimmigChoralbuch/Analysis-MusiCAU	1755_VierstimmigChoralbuch/Analysis-MusiCAU/A-MCAU_RE1755-038_SID005.mscx	False	42-75 (F#2-Eb5)	Piano	62-75 (D4-Eb5)	Piano	42-55 (F#2-G3)
A-MCAU_RE1755-039	1: 4/4	1: 1	9	9	36.0	9	9	36.0	72.0	63	33	0	0	0		1755	1755	Johann Balthasar Rein	Vierstimmig Choralbuch, worinnen alle Melodien, des Schleswig-Hollsteinischen Gesangbuchs, enthalten sind		Allenthalben, wo ich gehe						2022-06-22	Microsoft Windows			Vierstimmig Choralbuch, worinnen alle Melodien, des Schleswig-Hollsteinischen Gesangbuchs, enthalten sind	Allenthalben, wo ich gehe	Johann Balthasar Rein	3.6.2	2.5.3	1755_VierstimmigChoralbuch/Analysis-MusiCAU	1755_VierstimmigChoralbuch/Analysis-MusiCAU/A-MCAU_RE1755-039.mscx	False	40-74 (E2-D5)	Piano	64-74 (E4-D5)	Piano	40-55 (E2-G3)
A-MCAU_RE1755-040_SID003	1: 4/4	1: 1	12	12	48.0	12	12	48.0	96.0	93	48	0	0	0	3	1755	1755	Johann Balthasar Rein	Vierstimmig Choralbuch, worinnen alle Melodien, des Schleswig-Hollsteinischen Gesangbuchs, enthalten sind		Alles was wir Gott gegeben						2021-02-11	Microsoft Windows			Vierstimmig Choralbuch, worinnen alle Melodien, des Schleswig-Hollsteinischen Gesangbuchs, enthalten sind	Alles was wir Gott gegeben	Johann Balthasar Rein	3.6.2	2.5.3	1755_VierstimmigChoralbuch/Analysis-MusiCAU	1755_VierstimmigChoralbuch/Analysis-MusiCAU/A-MCAU_RE1755-040_SID003.mscx	False	38-76 (D2-E5)	Piano	64-76 (E4-E5)	Piano	38-59 (D2-B3)
A-MCAU_RE1755-041_SID028	1: 4/4	1: 0	19	19	76.0	25	25	100.0	130.0	124	67	0	0	0	28	1755	1755	Johann Balthasar Rein	Vierstimmig Choralbuch, worinnen alle Melodien, des Schleswig-Hollsteinischen Gesangbuchs, enthalten sind		Allwißender vollkommner Geist						2021-02-21	Microsoft Windows			Vierstimmig Choralbuch, worinnen alle Melodien, des Schleswig-Hollsteinischen Gesangbuchs, enthalten sind	Allwißender vollkommner Geist	Johann Balthasar Rein	3.6.2	2.5.3	1755_VierstimmigChoralbuch/Analysis-MusiCAU	1755_VierstimmigChoralbuch/Analysis-MusiCAU/A-MCAU_RE1755-041_SID028.mscx	False	36-76 (C2-E5)	Piano	60-76 (C4-E5)	Piano	36-57 (C2-A3)
A-MCAU_RE1755-042_SID066	1: 3/4	1: -2	28	28	84.0	28	28	84.0	168.0	108	58	0	0	0	66	1755	1755	Johann Balthasar Rein	Vierstimmig Choralbuch, worinnen alle Melodien, des Schleswig-Hollsteinischen Gesangbuchs, enthalten sind		Als Christus gebohren war						2021-04-07	Microsoft Windows			Vierstimmig Choralbuch, worinnen alle Melodien, des Schleswig-Hollsteinischen Gesangbuchs, enthalten sind	Als Christus gebohren war	Johann Balthasar Rein	3.6.2	2.5.3	1755_VierstimmigChoralbuch/Analysis-MusiCAU	1755_VierstimmigChoralbuch/Analysis-MusiCAU/A-MCAU_RE1755-042_SID066.mscx	False	38-77 (D2-F5)	Piano	65-77 (F4-F5)	Piano	38-58 (D2-Bb3)
A-MCAU_RE1755-043_SID023	1: 4/4	1: -1	15	15	60.0	20	20	80.0	104.0	92	47	0	0	0	23	1755	1755	Johann Balthasar Rein	Vierstimmig Choralbuch, worinnen alle Melodien, des Schleswig-Hollsteinischen Gesangbuchs, enthalten sind		Also hat Gott die Welt geliebt						2021-02-21	Microsoft Windows			Vierstimmig Choralbuch, worinnen alle Melodien, des Schleswig-Hollsteinischen Gesangbuchs, enthalten sind	Also hat Gott die Welt geliebt	Johann Balthasar Rein	3.6.2	2.5.3	1755_VierstimmigChoralbuch/Analysis-MusiCAU	1755_VierstimmigChoralbuch/Analysis-MusiCAU/A-MCAU_RE1755-043_SID023.mscx	False	41-77 (F2-F5)	Piano	64-77 (E4-F5)	Piano	41-57 (F2-A3)
A-MCAU_RE1755-044_SID072	1: 4/4	1: 0	14	14	56.0	19	19	76.0	96.0	88	49	0	0	0	72	1755	1755	Johann Balthasar Rein	Vierstimmig Choralbuch, worinnen alle Melodien, des Schleswig-Hollsteinischen Gesangbuchs, enthalten sind		Auf! auf! ihr Reichs-Genoßen						2021-04-08	Microsoft Windows			Vierstimmig Choralbuch, worinnen alle Melodien, des Schleswig-Hollsteinischen Gesangbuchs, enthalten sind	Auf! auf! ihr Reichs-Genoßen	Johann Balthasar Rein	3.6.2	2.5.3	1755_VierstimmigChoralbuch/Analysis-MusiCAU	1755_VierstimmigChoralbuch/Analysis-MusiCAU/A-MCAU_RE1755-044_SID072.mscx	False	43-76 (G2-E5)	Piano	64-76 (E4-E5)	Piano	43-57 (G2-A3)
A-MCAU_RE1755-045	1: 3/4	1: 0	33	33	93.0	45	45	126.0	186.0	152	83	0	0	0		1755	1755	Johann Balthasar Rein	Vierstimmig Choralbuch, worinnen alle Melodien, des Schleswig-Hollsteinischen Gesangbuchs, enthalten sind		Auf! auf! mein Geist auf!						2022-07-29	Microsoft Windows			Vierstimmig Choralbuch, worinnen alle Melodien, des Schleswig-Hollsteinischen Gesangbuchs, enthalten sind	Auf! auf! mein Geist auf!	Johann Balthasar Rein	3.6.2	2.5.3	1755_VierstimmigChoralbuch/Analysis-MusiCAU	1755_VierstimmigChoralbuch/Analysis-MusiCAU/A-MCAU_RE1755-045.mscx	False	38-76 (D2-E5)	Piano	60-76 (C4-E5)	Piano	38-55 (D2-G3)
A-MCAU_RE1755-046_SID059	1: 4/4	1: -3	13	13	52.0	21	21	84.0	90.0	81	42	0	0	0	59	1755	1755	Johann Balthasar Rein	Vierstimmig Choralbuch, worinnen alle Melodien, des Schleswig-Hollsteinischen Gesangbuchs, enthalten sind		Auf! auf! mein Geist, ermuntre dich						2021-04-08	Microsoft Windows			Vierstimmig Choralbuch, worinnen alle Melodien, des Schleswig-Hollsteinischen Gesangbuchs, enthalten sind	Auf! auf! mein Geist, ermuntre dich	Johann Balthasar Rein	3.6.2	2.5.3	1755_VierstimmigChoralbuch/Analysis-MusiCAU	1755_VierstimmigChoralbuch/Analysis-MusiCAU/A-MCAU_RE1755-046_SID059.mscx	False	41-75 (F2-Eb5)	Piano	63-75 (Eb4-Eb5)	Piano	41-56 (F2-Ab3)
A-MCAU_RE1755-047_SID008	1: 4/4	1: 2	14	14	56.0	19	19	76.0	96.0	82	44	0	0	0	8	1755	1755	Johann Balthasar Rein	Vierstimmig Choralbuch, worinnen alle Melodien, des Schleswig-Hollsteinischen Gesangbuchs, enthalten sind		Auf! auf! mein Geist, zu loben						2021-02-11	Microsoft Windows			Vierstimmig Choralbuch, worinnen alle Melodien, des Schleswig-Hollsteinischen Gesangbuchs, enthalten sind	Auf! auf! mein Geist, zu loben	Johann Balthasar Rein	3.6.2	2.5.3	1755_VierstimmigChoralbuch/Analysis-MusiCAU	1755_VierstimmigChoralbuch/Analysis-MusiCAU/A-MCAU_RE1755-047_SID008.mscx	False	43-76 (G2-E5)	Piano	64-76 (E4-E5)	Piano	43-57 (G2-A3)
A-MCAU_RE1755-048	1: 3/4	1: -1	19	19	57.0	26	26	78.0	114.0	82	44	0	0	0		1755	1755	Johann Balthasar Rein	Vierstimmig Choralbuch, worinnen alle Melodien, des Schleswig-Hollsteinischen Gesangbuchs, enthalten sind		Auf! auf! mein Hertz mit Freuden						2022-06-21	Microsoft Windows			Vierstimmig Choralbuch, worinnen alle Melodien, des Schleswig-Hollsteinischen Gesangbuchs, enthalten sind	Auf! auf! mein Hertz mit Freuden	Johann Balthasar Rein	3.6.2	2.5.3	1755_VierstimmigChoralbuch/Analysis-MusiCAU	1755_VierstimmigChoralbuch/Analysis-MusiCAU/A-MCAU_RE1755-048.mscx	False	41-77 (F2-F5)	Piano	65-77 (F4-F5)	Piano	41-57 (F2-A3)
A-MCAU_RE1755-049	1: 4/4	1: -1	15	15	60.0	15	15	60.0	116.0	114	61	0	0	0		1755	1755	Johann Balthasar Rein	Vierstimmig Choralbuch, worinnen alle Melodien, des Schleswig-Hollsteinischen Gesangbuchs, enthalten sind		Auf! auf! weil der Tag erschienen						2022-07-29	Microsoft Windows			Vierstimmig Choralbuch, worinnen alle Melodien, des Schleswig-Hollsteinischen Gesangbuchs, enthalten sind	Auf! auf! weil der Tag erschienen	Johann Balthasar Rein	3.6.2	2.5.3	1755_VierstimmigChoralbuch/Analysis-MusiCAU	1755_VierstimmigChoralbuch/Analysis-MusiCAU/A-MCAU_RE1755-049.mscx	False	36-77 (C2-F5)	Piano	62-77 (D4-F5)	Piano	36-58 (C2-Bb3)
A-MCAU_RE1755-050	1: 4/4	1: 2	11	11	44.0	15	15	60.0	84.0	81	41	0	0	0		1755	1755	Johann Balthasar Rein	Vierstimmig Choralbuch, worinnen alle Melodien, des Schleswig-Hollsteinischen Gesangbuchs, enthalten sind		Auf! hinauf zu deiner Freude						2022-07-29	Microsoft Windows			Vierstimmig Choralbuch, worinnen alle Melodien, des Schleswig-Hollsteinischen Gesangbuchs, enthalten sind	Auf! hinauf zu deiner Freude	Johann Balthasar Rein	3.6.2	2.5.3	1755_VierstimmigChoralbuch/Analysis-MusiCAU	1755_VierstimmigChoralbuch/Analysis-MusiCAU/A-MCAU_RE1755-050.mscx	False	38-74 (D2-D5)	Piano	62-74 (D4-D5)	Piano	38-57 (D2-A3)
A-MCAU_RE1755-051_SID032	1: 4/4	1: 1	9	9	36.0	14	14	56.0	68.0	61	32	0	0	0	32	1755	1755	Johann Balthasar Rein	Vierstimmig Choralbuch, worinnen alle Melodien, des Schleswig-Hollsteinischen Gesangbuchs, enthalten sind		Fried und Freyheit ist die Krone						2021-02-24	Microsoft Windows			Vierstimmig Choralbuch, worinnen alle Melodien, des Schleswig-Hollsteinischen Gesangbuchs, enthalten sind	Fried und Freyheit ist die Krone	Johann Balthasar Rein	3.6.2	2.5.3	1755_VierstimmigChoralbuch/Analysis-MusiCAU	1755_VierstimmigChoralbuch/Analysis-MusiCAU/A-MCAU_RE1755-051_SID032.mscx	False	42-74 (F#2-D5)	Piano	62-74 (D4-D5)	Piano	42-55 (F#2-G3)
A-MCAU_RE1755-052_SID073	1: 4/4	1: 0	19	19	76.0	27	27	108.0	138.0	116	60	0	0	0	73	1755	1755	Johann Balthasar Rein	Vierstimmig Choralbuch, worinnen alle Melodien, des Schleswig-Hollsteinischen Gesangbuchs, enthalten sind		Auf! ihr Christen laßt uns singen						2021-04-08	Microsoft Windows			Vierstimmig Choralbuch, worinnen alle Melodien, des Schleswig-Hollsteinischen Gesangbuchs, enthalten sind	Auf! ihr Christen laßt uns singen	Johann Balthasar Rein	3.6.2	2.5.3	1755_VierstimmigChoralbuch/Analysis-MusiCAU	1755_VierstimmigChoralbuch/Analysis-MusiCAU/A-MCAU_RE1755-052_SID073.mscx	False	36-76 (C2-E5)	Piano	60-76 (C4-E5)	Piano	36-57 (C2-A3)
A-MCAU_RE1755-053_SID076	1: 4/4	1: -2	7	7	28.0	7	7	28.0	48.0	45	23	0	0	0	76	1755	1755	Johann Balthasar Rein	Vierstimmig Choralbuch, worinnen alle Melodien, des Schleswig-Hollsteinischen Gesangbuchs, enthalten sind		Auf! laßet uns den Herren frölich singen						2021-04-08	Microsoft Windows			Vierstimmig Choralbuch, worinnen alle Melodien, des Schleswig-Hollsteinischen Gesangbuchs, enthalten sind	Auf! laßet uns den Herren frölich singen	Johann Balthasar Rein	3.6.2	2.5.3	1755_VierstimmigChoralbuch/Analysis-MusiCAU	1755_VierstimmigChoralbuch/Analysis-MusiCAU/A-MCAU_RE1755-053_SID076.mscx	False	38-74 (D2-D5)	Piano	67-74 (G4-D5)	Piano	38-55 (D2-G3)
A-MCAU_RE1755-054	1: 4/4	1: -2	13	13	52.0	13	13	52.0	92.0	83	45	0	0	0		1755	1755	Johann Balthasar Rein	Vierstimmig Choralbuch, worinnen alle Melodien, des Schleswig-Hollsteinischen Gesangbuchs, enthalten sind		Auf! lobt den Herrn und danckt						2022-07-29	Microsoft Windows			Vierstimmig Choralbuch, worinnen alle Melodien, des Schleswig-Hollsteinischen Gesangbuchs, enthalten sind	Auf! lobt den Herrn und danckt	Johann Balthasar Rein	3.6.2	2.5.3	1755_VierstimmigChoralbuch/Analysis-MusiCAU	1755_VierstimmigChoralbuch/Analysis-MusiCAU/A-MCAU_RE1755-054.mscx	False	41-74 (F2-D5)	Piano	65-74 (F4-D5)	Piano	41-58 (F2-Bb3)
A-MCAU_RE1755-055_SID065	1: 4/4	1: -3	15	15	60.0	20	20	80.0	116.0	107	59	0	0	0	65	1755	1755	Johann Balthasar Rein	Vierstimmig Choralbuch, worinnen alle Melodien, des Schleswig-Hollsteinischen Gesangbuchs, enthalten sind		Auf! mein Herz, wach auf und singe						2021-04-08	Microsoft Windows			Vierstimmig Choralbuch, worinnen alle Melodien, des Schleswig-Hollsteinischen Gesangbuchs, enthalten sind	Auf! mein Herz, wach auf und singe	Johann Balthasar Rein	3.6.2	2.5.3	1755_VierstimmigChoralbuch/Analysis-MusiCAU	1755_VierstimmigChoralbuch/Analysis-MusiCAU/A-MCAU_RE1755-055_SID065.mscx	False	43-75 (G2-Eb5)	Piano	63-75 (Eb4-Eb5)	Piano	43-58 (G2-Bb3)
A-MCAU_RE1755-056_SID054	1: 4/4	1: 1	13	13	52.0	18	18	72.0	90.0	82	42	0	0	0	54	1755	1755	Johann Balthasar Rein	Vierstimmig Choralbuch, worinnen alle Melodien, des Schleswig-Hollsteinischen Gesangbuchs, enthalten sind		Auf! Seele, Jesus, Gottes-Lamm						2021-03-15	Microsoft Windows			Vierstimmig Choralbuch, worinnen alle Melodien, des Schleswig-Hollsteinischen Gesangbuchs, enthalten sind	Auf! Seele, Jesus, Gottes-Lamm	Johann Balthasar Rein	3.6.2	2.5.3	1755_VierstimmigChoralbuch/Analysis-MusiCAU	1755_VierstimmigChoralbuch/Analysis-MusiCAU/A-MCAU_RE1755-056_SID054.mscx	False	42-76 (F#2-E5)	Piano	62-76 (D4-E5)	Piano	42-57 (F#2-A3)
A-MCAU_RE1755-057	1: 4/4	1: -1	17	17	68.0	23	23	92.0	120.0	116	60	0	0	0		1755	1755	Johann Balthasar Rein	Vierstimmig Choralbuch, worinnen alle Melodien, des Schleswig-Hollsteinischen Gesangbuchs, enthalten sind		Auf! Zion, auf, umgürte deine						2022-07-29	Microsoft Windows			Vierstimmig Choralbuch, worinnen alle Melodien, des Schleswig-Hollsteinischen Gesangbuchs, enthalten sind	Auf! Zion, auf, umgürte deine	Johann Balthasar Rein	3.6.2	2.5.3	1755_VierstimmigChoralbuch/Analysis-MusiCAU	1755_VierstimmigChoralbuch/Analysis-MusiCAU/A-MCAU_RE1755-057.mscx	False	36-76 (C2-E5)	Piano	62-76 (D4-E5)	Piano	36-57 (C2-A3)
A-MCAU_RE1755-058_SID006	1: 4/4	1: -1	14	14	56.0	19	19	76.0	96.0	91	50	0	0	0	6	1755	1755	Johann Balthasar Rein	Vierstimmig Choralbuch, worinnen alle Melodien, des Schleswig-Hollsteinischen Gesangbuchs, enthalten sind		Aus meines Hertzens-Grunde						2021-02-24	Microsoft Windows			Vierstimmig Choralbuch, worinnen alle Melodien, des Schleswig-Hollsteinischen Gesangbuchs, enthalten sind	Aus meines Hertzens-Grunde	Johann Balthasar Rein	3.6.2	2.5.3	1755_VierstimmigChoralbuch/Analysis-MusiCAU	1755_VierstimmigChoralbuch/Analysis-MusiCAU/A-MCAU_RE1755-058_SID006.mscx	False	36-72 (C2-C5)	Piano	64-72 (E4-C5)	Piano	36-53 (C2-F3)
A-MCAU_RE1755-059_SID007	1: 4/4	1: 1	13	13	52.0	18	18	72.0	90.0	86	45	0	0	0	7	1755	1755	Johann Balthasar Rein	Vierstimmig Choralbuch, worinnen alle Melodien, des Schleswig-Hollsteinischen Gesangbuchs, enthalten sind		Aus tiefer Noth schrey ich zu dir						2021-02-24	Microsoft Windows			Vierstimmig Choralbuch, worinnen alle Melodien, des Schleswig-Hollsteinischen Gesangbuchs, enthalten sind	Aus tiefer Noth schrey ich zu dir	Johann Balthasar Rein	3.6.2	2.5.3	1755_VierstimmigChoralbuch/Analysis-MusiCAU	1755_VierstimmigChoralbuch/Analysis-MusiCAU/A-MCAU_RE1755-059_SID007.mscx	False	38-74 (D2-D5)	Piano	62-74 (D4-D5)	Piano	38-55 (D2-G3)
A-MCAU_RE1755-060	1: 4/4	1: -2	18	18	72.0	18	18	72.0	132.0	132	69	0	0	0		1755	1755	Johann Balthasar Rein	Vierstimmig Choralbuch, worinnen alle Melodien, des Schleswig-Hollsteinischen Gesangbuchs, enthalten sind		Beklemmtes Hertz, was wilt du lange Sorgen						2022-07-29	Microsoft Windows			Vierstimmig Choralbuch, worinnen alle Melodien, des Schleswig-Hollsteinischen Gesangbuchs, enthalten sind	Beklemmtes Hertz, was wilt du lange Sorgen	Johann Balthasar Rein	3.6.2	2.5.3	1755_VierstimmigChoralbuch/Analysis-MusiCAU	1755_VierstimmigChoralbuch/Analysis-MusiCAU/A-MCAU_RE1755-060.mscx	False	38-75 (D2-Eb5)	Piano	62-75 (D4-Eb5)	Piano	38-58 (D2-Bb3)
A-MCAU_RE1755-061	1: 4/4	1: 1	17	17	68.0	23	23	92.0	116.0	108	58	0	0	0		1755	1755	Johann Balthasar Rein	Vierstimmig Choralbuch, worinnen alle Melodien, des Schleswig-Hollsteinischen Gesangbuchs, enthalten sind		Beschwertes Hertz, leg ab die Sorgen						2022-07-29	Microsoft Windows			Vierstimmig Choralbuch, worinnen alle Melodien, des Schleswig-Hollsteinischen Gesangbuchs, enthalten sind	Beschwertes Hertz, leg ab die Sorgen	Johann Balthasar Rein	3.6.2	2.5.3	1755_VierstimmigChoralbuch/Analysis-MusiCAU	1755_VierstimmigChoralbuch/Analysis-MusiCAU/A-MCAU_RE1755-061.mscx	False	38-76 (D2-E5)	Piano	62-76 (D4-E5)	Piano	38-57 (D2-A3)
A-MCAU_RE1755-062	1: 4/4	1: -1	13	13	52.0	13	13	52.0	96.0	88	46	0	0	0		1755	1755	Johann Balthasar Rein	Vierstimmig Choralbuch, worinnen alle Melodien, des Schleswig-Hollsteinischen Gesangbuchs, enthalten sind		Bin ich allein ein Fremdling						2022-07-29	Microsoft Windows			Vierstimmig Choralbuch, worinnen alle Melodien, des Schleswig-Hollsteinischen Gesangbuchs, enthalten sind	Bin ich allein ein Fremdling	Johann Balthasar Rein	3.6.2	2.5.3	1755_VierstimmigChoralbuch/Analysis-MusiCAU	1755_VierstimmigChoralbuch/Analysis-MusiCAU/A-MCAU_RE1755-062.mscx	False	40-76 (E2-E5)	Piano	62-76 (D4-E5)	Piano	40-57 (E2-A3)
A-MCAU_RE1755-063_SID024	1: 3/4	1: -1	18	18	54.0	18	18	54.0	108.0	85	48	0	0	0	24	1755	1755	Johann Balthasar Rein	Vierstimmig Choralbuch, worinnen alle Melodien, des Schleswig-Hollsteinischen Gesangbuchs, enthalten sind		Bist du nicht, Jesus, Gottes Sohn						2021-02-24	Microsoft Windows			Vierstimmig Choralbuch, worinnen alle Melodien, des Schleswig-Hollsteinischen Gesangbuchs, enthalten sind	Bist du nicht, Jesus, Gottes Sohn	Johann Balthasar Rein	3.6.2	2.5.3	1755_VierstimmigChoralbuch/Analysis-MusiCAU	1755_VierstimmigChoralbuch/Analysis-MusiCAU/A-MCAU_RE1755-063_SID024.mscx	False	38-74 (D2-D5)	Piano	60-74 (C4-D5)	Piano	38-55 (D2-G3)
A-MCAU_RE1755-064_SID068	1: 4/4	1: 2	10	10	40.0	14	14	56.0	80.0	69	38	0	0	0	68	1755	1755	Johann Balthasar Rein	Vierstimmig Choralbuch, worinnen alle Melodien, des Schleswig-Hollsteinischen Gesangbuchs, enthalten sind		Blicke meine Seele an						2021-04-08	Microsoft Windows			Vierstimmig Choralbuch, worinnen alle Melodien, des Schleswig-Hollsteinischen Gesangbuchs, enthalten sind	Blicke meine Seele an	Johann Balthasar Rein	3.6.2	2.5.3	1755_VierstimmigChoralbuch/Analysis-MusiCAU	1755_VierstimmigChoralbuch/Analysis-MusiCAU/A-MCAU_RE1755-064_SID068.mscx	False	43-74 (G2-D5)	Piano	62-74 (D4-D5)	Piano	43-55 (G2-G3)
A-MCAU_RE1755-065	1: 4/4	1: -2	11	11	44.0	17	17	68.0	84.0	73	38	0	0	0		1755	1755	Johann Balthasar Rein	Vierstimmig Choralbuch, worinnen alle Melodien, des Schleswig-Hollsteinischen Gesangbuchs, enthalten sind		Brunnquell aller Güter						2022-07-29	Microsoft Windows			Vierstimmig Choralbuch, worinnen alle Melodien, des Schleswig-Hollsteinischen Gesangbuchs, enthalten sind	Brunnquell aller Güter	Johann Balthasar Rein	3.6.2	2.5.3	1755_VierstimmigChoralbuch/Analysis-MusiCAU	1755_VierstimmigChoralbuch/Analysis-MusiCAU/A-MCAU_RE1755-065.mscx	False	41-77 (F2-F5)	Piano	66-77 (F#4-F5)	Piano	41-58 (F2-Bb3)
A-MCAU_RE1755-066_SID090	1: 4/4	1: -2	10	10	40.0	10	10	40.0	72.0	74	39	0	0	0	90	1755	1755	Johann Balthasar Rein	Vierstimmig Choralbuch, worinnen alle Melodien, des Schleswig-Hollsteinischen Gesangbuchs, enthalten sind		Christe, der du bist Tag und Licht						2022-04-06	Microsoft Windows			Vierstimmig Choralbuch, worinnen alle Melodien, des Schleswig-Hollsteinischen Gesangbuchs, enthalten sind	Christe, der du bist Tag und Licht	Johann Balthasar Rein	3.6.2	2.5.3	1755_VierstimmigChoralbuch/Analysis-MusiCAU	1755_VierstimmigChoralbuch/Analysis-MusiCAU/A-MCAU_RE1755-066_SID090.mscx	False	43-72 (G2-C5)	Piano	65-72 (F4-C5)	Piano	43-55 (G2-G3)
A-MCAU_RE1755-067	1: 3/4	1: 1	13	13	39.0	18	18	54.0	78.0	63	35	0	0	0		1755	1755	Johann Balthasar Rein	Vierstimmig Choralbuch, worinnen alle Melodien, des Schleswig-Hollsteinischen Gesangbuchs, enthalten sind		Christe, mein Leben, mein Hoffen						2022-07-29	Microsoft Windows			Vierstimmig Choralbuch, worinnen alle Melodien, des Schleswig-Hollsteinischen Gesangbuchs, enthalten sind	Christe, mein Leben, mein Hoffen	Johann Balthasar Rein	3.6.2	2.5.3	1755_VierstimmigChoralbuch/Analysis-MusiCAU	1755_VierstimmigChoralbuch/Analysis-MusiCAU/A-MCAU_RE1755-067.mscx	False	38-76 (D2-E5)	Piano	62-76 (D4-E5)	Piano	38-55 (D2-G3)
A-MCAU_RE1755-068	1: 3/4	1: 2	16	16	47.0	24	24	71.0	94.0	86	45	0	0	0		1755	1755	Johann Balthasar Rein	Vierstimmig Choralbuch, worinnen alle Melodien, des Schleswig-Hollsteinischen Gesangbuchs, enthalten sind		Schönster Immanuel, Hertzog der						2022-07-29	Microsoft Windows			Vierstimmig Choralbuch, worinnen alle Melodien, des Schleswig-Hollsteinischen Gesangbuchs, enthalten sind	Schönster Immanuel, Hertzog der	Johann Balthasar Rein	3.6.2	2.5.3	1755_VierstimmigChoralbuch/Analysis-MusiCAU	1755_VierstimmigChoralbuch/Analysis-MusiCAU/A-MCAU_RE1755-068.mscx	False	38-74 (D2-D5)	Piano	62-74 (D4-D5)	Piano	38-59 (D2-B3)
A-MCAU_RE1755-069_SID014	1: 4/4	1: -2	16	16	64.0	16	16	64.0	128.0	114	58	0	0	0	14	1755	1755	Johann Balthasar Rein	Vierstimmig Choralbuch, worinnen alle Melodien, des Schleswig-Hollsteinischen Gesangbuchs, enthalten sind		Christus der uns selig macht						2021-02-24	Microsoft Windows			Vierstimmig Choralbuch, worinnen alle Melodien, des Schleswig-Hollsteinischen Gesangbuchs, enthalten sind	Christus der uns selig macht	Johann Balthasar Rein	3.6.2	2.5.3	1755_VierstimmigChoralbuch/Analysis-MusiCAU	1755_VierstimmigChoralbuch/Analysis-MusiCAU/A-MCAU_RE1755-069_SID014.mscx	False	41-74 (F2-D5)	Piano	62-74 (D4-D5)	Piano	41-58 (F2-Bb3)
A-MCAU_RE1755-070_SID009	1: 4/4	1: -1	11	11	44.0	11	11	44.0	78.0	69	37	0	0	0	9	1755	1755	Johann Balthasar Rein	Vierstimmig Choralbuch, worinnen alle Melodien, des Schleswig-Hollsteinischen Gesangbuchs, enthalten sind		Christ fuhr gen Himmel, was						2021-02-24	Microsoft Windows			Vierstimmig Choralbuch, worinnen alle Melodien, des Schleswig-Hollsteinischen Gesangbuchs, enthalten sind	Christ fuhr gen Himmel, was	Johann Balthasar Rein	3.6.2	2.5.3	1755_VierstimmigChoralbuch/Analysis-MusiCAU	1755_VierstimmigChoralbuch/Analysis-MusiCAU/A-MCAU_RE1755-070_SID009.mscx	False	41-72 (F2-C5)	Piano	60-72 (C4-C5)	Piano	41-53 (F2-F3)
A-MCAU_RE1755-071_SID010	1: 4/4	1: -1	10	10	40.0	10	10	40.0	76.0	69	38	0	0	0	10	1755	1755	Johann Balthasar Rein	Vierstimmig Choralbuch, worinnen alle Melodien, des Schleswig-Hollsteinischen Gesangbuchs, enthalten sind		Christ ist erstanden, von der						2021-02-24	Microsoft Windows			Vierstimmig Choralbuch, worinnen alle Melodien, des Schleswig-Hollsteinischen Gesangbuchs, enthalten sind	Christ ist erstanden, von der	Johann Balthasar Rein	3.6.2	2.5.3	1755_VierstimmigChoralbuch/Analysis-MusiCAU	1755_VierstimmigChoralbuch/Analysis-MusiCAU/A-MCAU_RE1755-071_SID010.mscx	False	41-72 (F2-C5)	Piano	60-72 (C4-C5)	Piano	41-53 (F2-F3)
A-MCAU_RE1755-072_SID013	1: 4/4	1: -3	9	9	36.0	9	9	36.0	64.0	54	28	0	0	0	13	1755	1755	Johann Balthasar Rein	Vierstimmig Choralbuch, worinnen alle Melodien, des Schleswig-Hollsteinischen Gesangbuchs, enthalten sind		Christus der ist mein Leben						2021-01-28	Microsoft Windows			Vierstimmig Choralbuch, worinnen alle Melodien, des Schleswig-Hollsteinischen Gesangbuchs, enthalten sind	Christus der ist mein Leben	Johann Balthasar Rein	3.6.2	2.5.3	1755_VierstimmigChoralbuch/Analysis-MusiCAU	1755_VierstimmigChoralbuch/Analysis-MusiCAU/A-MCAU_RE1755-072_SID013.mscx	False	41-75 (F2-Eb5)	Piano	63-75 (Eb4-Eb5)	Piano	41-53 (F2-F3)
A-MCAU_RE1755-073	1: 4/4	1: -1	13	13	52.0	19	19	76.0	90.0	85	43	0	0	0		1755	1755	Johann Balthasar Rein	Vierstimmig Choralbuch, worinnen alle Melodien, des Schleswig-Hollsteinischen Gesangbuchs, enthalten sind		Das Jesulein kan keine Herberg finden						2022-07-29	Microsoft Windows			Vierstimmig Choralbuch, worinnen alle Melodien, des Schleswig-Hollsteinischen Gesangbuchs, enthalten sind	Das Jesulein kan keine Herberg finden	Johann Balthasar Rein	3.6.2	2.5.3	1755_VierstimmigChoralbuch/Analysis-MusiCAU	1755_VierstimmigChoralbuch/Analysis-MusiCAU/A-MCAU_RE1755-073.mscx	False	41-76 (F2-E5)	Piano	65-76 (F4-E5)	Piano	41-57 (F2-A3)
A-MCAU_RE1755-074	1: 4/4	1: 1	25	25	100.0	25	25	100.0	176.0	166	85	0	0	0		1755	1755	Johann Balthasar Rein	Vierstimmig Choralbuch, worinnen alle Melodien, des Schleswig-Hollsteinischen Gesangbuchs, enthalten sind		Das ist ein theures Wort, daß Jesus						2022-07-29	Microsoft Windows			Vierstimmig Choralbuch, worinnen alle Melodien, des Schleswig-Hollsteinischen Gesangbuchs, enthalten sind	Das ist ein theures Wort, daß Jesus	Johann Balthasar Rein	3.6.2	2.5.3	1755_VierstimmigChoralbuch/Analysis-MusiCAU	1755_VierstimmigChoralbuch/Analysis-MusiCAU/A-MCAU_RE1755-074.mscx	False	38-76 (D2-E5)	Piano	62-76 (D4-E5)	Piano	38-60 (D2-C4)
A-MCAU_RE1755-075_SID018	1: 4/4	1: 2	15	15	60.0	20	20	80.0	108.0	103	53	0	0	0	18	1755	1755	Johann Balthasar Rein	Vierstimmig Choralbuch, worinnen alle Melodien, des Schleswig-Hollsteinischen Gesangbuchs, enthalten sind		Das ist mir lieb, daß Gott mein Hort						2021-02-24	Microsoft Windows			Vierstimmig Choralbuch, worinnen alle Melodien, des Schleswig-Hollsteinischen Gesangbuchs, enthalten sind	Das ist mir lieb, daß Gott mein Hort	Johann Balthasar Rein	3.6.2	2.5.3	1755_VierstimmigChoralbuch/Analysis-MusiCAU	1755_VierstimmigChoralbuch/Analysis-MusiCAU/A-MCAU_RE1755-075_SID018.mscx	False	40-74 (E2-D5)	Piano	62-74 (D4-D5)	Piano	40-55 (E2-G3)
A-MCAU_RE1755-076_SID082	1: 4/4	1: 3	22	22	88.0	28	28	112.0	152.0	148	78	0	0	0	82	1755	1755	Johann Balthasar Rein	Vierstimmig Choralbuch, worinnen alle Melodien, des Schleswig-Hollsteinischen Gesangbuchs, enthalten sind		Dein Mittler kommt, auf blöde						2021-04-08	Microsoft Windows			Vierstimmig Choralbuch, worinnen alle Melodien, des Schleswig-Hollsteinischen Gesangbuchs, enthalten sind	Dein Mittler kommt, auf blöde	Johann Balthasar Rein	3.6.2	2.5.3	1755_VierstimmigChoralbuch/Analysis-MusiCAU	1755_VierstimmigChoralbuch/Analysis-MusiCAU/A-MCAU_RE1755-076_SID082.mscx	False	40-76 (E2-E5)	Piano	61-76 (C#4-E5)	Piano	40-57 (E2-A3)
A-MCAU_RE1755-077_SID092	1: 4/4	1: 1	10	10	40.0	10	10	40.0	72.0	62	34	0	0	0	92	1755	1755	Johann Balthasar Rein	Vierstimmig Choralbuch, worinnen alle Melodien, des Schleswig-Hollsteinischen Gesangbuchs, enthalten sind		Nun laßt uns Gott dem						2022-04-06	Microsoft Windows			Vierstimmig Choralbuch, worinnen alle Melodien, des Schleswig-Hollsteinischen Gesangbuchs, enthalten sind	Nun laßt uns Gott dem	Johann Balthasar Rein	3.6.2	2.5.3	1755_VierstimmigChoralbuch/Analysis-MusiCAU	1755_VierstimmigChoralbuch/Analysis-MusiCAU/A-MCAU_RE1755-077_SID092.mscx	False	38-72 (D2-C5)	Piano	62-72 (D4-C5)	Piano	38-55 (D2-G3)
A-MCAU_RE1755-078	1: 4/4	1: 2	19	19	76.0	19	19	76.0	140.0	133	70	0	0	0		1755	1755	Johann Balthasar Rein	Vierstimmig Choralbuch, worinnen alle Melodien, des Schleswig-Hollsteinischen Gesangbuchs, enthalten sind		Der du bist A und O Anfang						2022-07-29	Microsoft Windows			Vierstimmig Choralbuch, worinnen alle Melodien, des Schleswig-Hollsteinischen Gesangbuchs, enthalten sind	Der du bist A und O Anfang	Johann Balthasar Rein	3.6.2	2.5.3	1755_VierstimmigChoralbuch/Analysis-MusiCAU	1755_VierstimmigChoralbuch/Analysis-MusiCAU/A-MCAU_RE1755-078.mscx	False	38-76 (D2-E5)	Piano	62-76 (D4-E5)	Piano	38-57 (D2-A3)
A-MCAU_RE1755-079	1: 4/4	1: 3	14	14	56.0	19	19	76.0	100.0	91	49	0	0	0		1755	1755	Johann Balthasar Rein	Vierstimmig Choralbuch, worinnen alle Melodien, des Schleswig-Hollsteinischen Gesangbuchs, enthalten sind		Der lieben Sonnen Licht und						2022-07-29	Microsoft Windows			Vierstimmig Choralbuch, worinnen alle Melodien, des Schleswig-Hollsteinischen Gesangbuchs, enthalten sind	Der lieben Sonnen Licht und	Johann Balthasar Rein	3.6.2	2.5.3	1755_VierstimmigChoralbuch/Analysis-MusiCAU	1755_VierstimmigChoralbuch/Analysis-MusiCAU/A-MCAU_RE1755-079.mscx	False	45-76 (A2-E5)	Piano	64-76 (E4-E5)	Piano	45-57 (A2-A3)
A-MCAU_RE1755-080	1: 4/4	1: 1	15	15	60.0	20	20	80.0	100.0	90	48	0	0	0		1755	1755	Johann Balthasar Rein	Vierstimmig Choralbuch, worinnen alle Melodien, des Schleswig-Hollsteinischen Gesangbuchs, enthalten sind		Der Tag hat sich geneigt						2022-07-29	Microsoft Windows			Vierstimmig Choralbuch, worinnen alle Melodien, des Schleswig-Hollsteinischen Gesangbuchs, enthalten sind	Der Tag hat sich geneigt	Johann Balthasar Rein	3.6.2	2.5.3	1755_VierstimmigChoralbuch/Analysis-MusiCAU	1755_VierstimmigChoralbuch/Analysis-MusiCAU/A-MCAU_RE1755-080.mscx	False	38-74 (D2-D5)	Piano	62-74 (D4-D5)	Piano	38-59 (D2-B3)
A-MCAU_RE1755-081_SID062	1: 4/4	1: 1	10	10	40.0	10	10	40.0	70.0	61	33	0	0	0	62	1755	1755	Johann Balthasar Rein	Vierstimmig Choralbuch, worinnen alle Melodien, des Schleswig-Hollsteinischen Gesangbuchs, enthalten sind		Der Tag ist hin: mein Geist						2021-04-08	Microsoft Windows			Vierstimmig Choralbuch, worinnen alle Melodien, des Schleswig-Hollsteinischen Gesangbuchs, enthalten sind	Der Tag ist hin: mein Geist	Johann Balthasar Rein	3.6.2	2.5.3	1755_VierstimmigChoralbuch/Analysis-MusiCAU	1755_VierstimmigChoralbuch/Analysis-MusiCAU/A-MCAU_RE1755-081_SID062.mscx	False	40-72 (E2-C5)	Piano	63-72 (D#4-C5)	Piano	40-52 (E2-E3)
A-MCAU_RE1755-082_SID015	1: 4/4	1: 1	15	15	60.0	20	20	80.0	108.0	107	55	0	0	0	15	1755	1755	Johann Balthasar Rein	Vierstimmig Choralbuch, worinnen alle Melodien, des Schleswig-Hollsteinischen Gesangbuchs, enthalten sind		Der Weg, den Christus selbst gegangen						2021-02-24	Microsoft Windows			Vierstimmig Choralbuch, worinnen alle Melodien, des Schleswig-Hollsteinischen Gesangbuchs, enthalten sind	Der Weg, den Christus selbst gegangen	Johann Balthasar Rein	3.6.2	2.5.3	1755_VierstimmigChoralbuch/Analysis-MusiCAU	1755_VierstimmigChoralbuch/Analysis-MusiCAU/A-MCAU_RE1755-082_SID015.mscx	False	43-76 (G2-E5)	Piano	62-76 (D4-E5)	Piano	43-57 (G2-A3)
A-MCAU_RE1755-083_SID079	1: 4/4	1: 1	10	10	40.0	10	10	40.0	72.0	71	38	0	0	0	79	1755	1755	Johann Balthasar Rein	Vierstimmig Choralbuch, worinnen alle Melodien, des Schleswig-Hollsteinischen Gesangbuchs, enthalten sind		Die Liebe zeigt ohn Heucheley						2021-04-08	Microsoft Windows			Vierstimmig Choralbuch, worinnen alle Melodien, des Schleswig-Hollsteinischen Gesangbuchs, enthalten sind	Die Liebe zeigt ohn Heucheley	Johann Balthasar Rein	3.6.2	2.5.3	1755_VierstimmigChoralbuch/Analysis-MusiCAU	1755_VierstimmigChoralbuch/Analysis-MusiCAU/A-MCAU_RE1755-083_SID079.mscx	False	42-74 (F#2-D5)	Piano	62-74 (D4-D5)	Piano	42-55 (F#2-G3)
A-MCAU_RE1755-084	1: 4/4	1: 2	9	9	36.0	14	14	56.0	60.0	54	30	0	0	0		1755	1755	Johann Balthasar Rein	Vierstimmig Choralbuch, worinnen alle Melodien, des Schleswig-Hollsteinischen Gesangbuchs, enthalten sind		Die Macht ist vor der Thür						2022-07-29	Microsoft Windows			Vierstimmig Choralbuch, worinnen alle Melodien, des Schleswig-Hollsteinischen Gesangbuchs, enthalten sind	Die Macht ist vor der Thür	Johann Balthasar Rein	3.6.2	2.5.3	1755_VierstimmigChoralbuch/Analysis-MusiCAU	1755_VierstimmigChoralbuch/Analysis-MusiCAU/A-MCAU_RE1755-084.mscx	False	42-74 (F#2-D5)	Piano	62-74 (D4-D5)	Piano	42-57 (F#2-A3)
A-MCAU_RE1755-085_SID093	1: 4/4	1: -1	10	10	40.0	15	15	60.0	72.0	68	37	0	0	0	93	1755	1755	Johann Balthasar Rein	Vierstimmig Choralbuch, worinnen alle Melodien, des Schleswig-Hollsteinischen Gesangbuchs, enthalten sind		Dies ist der Tag der Frölichkeit						2022-04-06	Microsoft Windows			Vierstimmig Choralbuch, worinnen alle Melodien, des Schleswig-Hollsteinischen Gesangbuchs, enthalten sind	Dies ist der Tag der Frölichkeit	Johann Balthasar Rein	3.6.2	2.5.3	1755_VierstimmigChoralbuch/Analysis-MusiCAU	1755_VierstimmigChoralbuch/Analysis-MusiCAU/A-MCAU_RE1755-085_SID093.mscx	False	41-77 (F2-F5)	Piano	65-77 (F4-F5)	Piano	41-55 (F2-G3)
A-MCAU_RE1755-086_SID016	1: 4/4	1: 0	11	11	44.0	11	11	44.0	80.0	73	39	0	0	0	16	1755	1755	Johann Balthasar Rein	Vierstimmig Choralbuch, worinnen alle Melodien, des Schleswig-Hollsteinischen Gesangbuchs, enthalten sind		Dies sind die heilgen zehn Gebot						2021-02-24	Microsoft Windows			Vierstimmig Choralbuch, worinnen alle Melodien, des Schleswig-Hollsteinischen Gesangbuchs, enthalten sind	Dies sind die heilgen zehn Gebot	Johann Balthasar Rein	3.6.2	2.5.3	1755_VierstimmigChoralbuch/Analysis-MusiCAU	1755_VierstimmigChoralbuch/Analysis-MusiCAU/A-MCAU_RE1755-086_SID016.mscx	False	38-74 (D2-D5)	Piano	65-74 (F4-D5)	Piano	38-57 (D2-A3)
A-MCAU_RE1755-087_SID033	1: 4/4	1: 1	12	12	48.0	17	17	68.0	82.0	74	40	0	0	0	33	1755	1755	Johann Balthasar Rein	Vierstimmig Choralbuch, worinnen alle Melodien, des Schleswig-Hollsteinischen Gesangbuchs, enthalten sind		Du bist ja ganz mein eigen						2021-03-03	Microsoft Windows			Vierstimmig Choralbuch, worinnen alle Melodien, des Schleswig-Hollsteinischen Gesangbuchs, enthalten sind	Du bist ja ganz mein eigen	Johann Balthasar Rein	3.6.2	2.5.3	1755_VierstimmigChoralbuch/Analysis-MusiCAU	1755_VierstimmigChoralbuch/Analysis-MusiCAU/A-MCAU_RE1755-087_SID033.mscx	False	43-74 (G2-D5)	Piano	64-74 (E4-D5)	Piano	43-55 (G2-G3)
A-MCAU_RE1755-088	1: 3/4	1: -1	24	24	72.0	32	32	96.0	144.0	117	65	0	0	0		1755	1755	Johann Balthasar Rein	Vierstimmig Choralbuch, worinnen alle Melodien, des Schleswig-Hollsteinischen Gesangbuchs, enthalten sind		Du bistr ja, Jesu, meine Freude						2022-07-29	Microsoft Windows			Vierstimmig Choralbuch, worinnen alle Melodien, des Schleswig-Hollsteinischen Gesangbuchs, enthalten sind	Du bistr ja, Jesu, meine Freude	Johann Balthasar Rein	3.6.2	2.5.3	1755_VierstimmigChoralbuch/Analysis-MusiCAU	1755_VierstimmigChoralbuch/Analysis-MusiCAU/A-MCAU_RE1755-088.mscx	False	41-77 (F2-F5)	Piano	65-77 (F4-F5)	Piano	41-58 (F2-Bb3)
A-MCAU_RE1755-089	1: 4/4	1: -1	10	10	40.0	15	15	60.0	68.0	62	32	0	0	0		1755	1755	Johann Balthasar Rein	Vierstimmig Choralbuch, worinnen alle Melodien, des Schleswig-Hollsteinischen Gesangbuchs, enthalten sind		Du Friedens-Fürst, Herr Jesu						2022-07-29	Microsoft Windows			Vierstimmig Choralbuch, worinnen alle Melodien, des Schleswig-Hollsteinischen Gesangbuchs, enthalten sind	Du Friedens-Fürst, Herr Jesu	Johann Balthasar Rein	3.6.2	2.5.3	1755_VierstimmigChoralbuch/Analysis-MusiCAU	1755_VierstimmigChoralbuch/Analysis-MusiCAU/A-MCAU_RE1755-089.mscx	False	41-72 (F2-C5)	Piano	64-72 (E4-C5)	Piano	41-53 (F2-F3)
A-MCAU_RE1755-090	1: 4/4	1: -1	13	13	49.0	13	13	49.0	88.0	84	43	0	0	0		1755	1755	Johann Balthasar Rein	Vierstimmig Choralbuch, worinnen alle Melodien, des Schleswig-Hollsteinischen Gesangbuchs, enthalten sind		Du Gesit des Herrn, der du von Gott						2022-07-29	Microsoft Windows			Vierstimmig Choralbuch, worinnen alle Melodien, des Schleswig-Hollsteinischen Gesangbuchs, enthalten sind	Du Gesit des Herrn, der du von Gott	Johann Balthasar Rein	3.6.2	2.5.3	1755_VierstimmigChoralbuch/Analysis-MusiCAU	1755_VierstimmigChoralbuch/Analysis-MusiCAU/A-MCAU_RE1755-090.mscx	False	41-74 (F2-D5)	Piano	62-74 (D4-D5)	Piano	41-57 (F2-A3)
A-MCAU_RE1755-091	1: 4/4	1: 1	16	16	61.0	16	16	61.0	112.0	105	55	0	0	0		1755	1755	Johann Balthasar Rein	Vierstimmig Choralbuch, worinnen alle Melodien, des Schleswig-Hollsteinischen Gesangbuchs, enthalten sind		Du liebe Unschlud du						2022-07-29	Microsoft Windows			Vierstimmig Choralbuch, worinnen alle Melodien, des Schleswig-Hollsteinischen Gesangbuchs, enthalten sind	Du liebe Unschlud du	Johann Balthasar Rein	3.6.2	2.5.3	1755_VierstimmigChoralbuch/Analysis-MusiCAU	1755_VierstimmigChoralbuch/Analysis-MusiCAU/A-MCAU_RE1755-091.mscx	False	42-76 (F#2-E5)	Piano	62-76 (D4-E5)	Piano	42-57 (F#2-A3)
A-MCAU_RE1755-092	1: 4/4	1: 0	14	14	56.0	19	19	76.0	92.0	82	43	0	0	0		1755	1755	Johann Balthasar Rein	Vierstimmig Choralbuch, worinnen alle Melodien, des Schleswig-Hollsteinischen Gesangbuchs, enthalten sind		Du, meine Seele, singe						2022-07-29	Microsoft Windows			Vierstimmig Choralbuch, worinnen alle Melodien, des Schleswig-Hollsteinischen Gesangbuchs, enthalten sind	Du, meine Seele, singe	Johann Balthasar Rein	3.6.2	2.5.3	1755_VierstimmigChoralbuch/Analysis-MusiCAU	1755_VierstimmigChoralbuch/Analysis-MusiCAU/A-MCAU_RE1755-092.mscx	False	41-76 (F2-E5)	Piano	60-76 (C4-E5)	Piano	41-55 (F2-G3)
A-MCAU_RE1755-093_SID067	1: 4/4	1: -1	16	16	64.0	20	20	80.0	128.0	121	62	0	0	0	67	1755	1755	Johann Balthasar Rein	Vierstimmig Choralbuch, worinnen alle Melodien, des Schleswig-Hollsteinischen Gesangbuchs, enthalten sind		Ehr und Danck sey dir gesungen						2021-04-08	Microsoft Windows			Vierstimmig Choralbuch, worinnen alle Melodien, des Schleswig-Hollsteinischen Gesangbuchs, enthalten sind	Ehr und Danck sey dir gesungen	Johann Balthasar Rein	3.6.2	2.5.3	1755_VierstimmigChoralbuch/Analysis-MusiCAU	1755_VierstimmigChoralbuch/Analysis-MusiCAU/A-MCAU_RE1755-093_SID067.mscx	False	40-77 (E2-F5)	Piano	62-77 (D4-F5)	Piano	40-57 (E2-A3)
A-MCAU_RE1755-094_SID019	1: 4/4	1: 1	19	19	76.0	24	24	96.0	140.0	132	70	0	0	0	19	1755	1755	Johann Balthasar Rein	Vierstimmig Choralbuch, worinnen alle Melodien, des Schleswig-Hollsteinischen Gesangbuchs, enthalten sind		Ein Kindelein so löbelich						2021-02-24	Microsoft Windows			Vierstimmig Choralbuch, worinnen alle Melodien, des Schleswig-Hollsteinischen Gesangbuchs, enthalten sind	Ein Kindelein so löbelich	Johann Balthasar Rein	3.6.2	2.5.3	1755_VierstimmigChoralbuch/Analysis-MusiCAU	1755_VierstimmigChoralbuch/Analysis-MusiCAU/A-MCAU_RE1755-094_SID019.mscx	False	42-76 (F#2-E5)	Piano	60-76 (C4-E5)	Piano	42-55 (F#2-G3)
A-MCAU_RE1755-095	1: 3/4	1: -2	16	15	45.0	16	15	45.0	90.0	63	33	0	0	0		1755	1755	Johann Balthasar Rein	Vierstimmig Choralbuch, worinnen alle Melodien, des Schleswig-Hollsteinischen Gesangbuchs, enthalten sind		Ein Kind gebohrn zu Bethlehem						2022-06-22	Microsoft Windows			Vierstimmig Choralbuch, worinnen alle Melodien, des Schleswig-Hollsteinischen Gesangbuchs, enthalten sind	Ein Kind gebohrn zu Bethlehem	Johann Balthasar Rein	3.6.2	2.5.3	1755_VierstimmigChoralbuch/Analysis-MusiCAU	1755_VierstimmigChoralbuch/Analysis-MusiCAU/A-MCAU_RE1755-095.mscx	False	38-72 (D2-C5)	Piano	65-72 (F4-C5)	Piano	38-55 (D2-G3)
A-MCAU_RE1755-096_SID078	1: 4/4	1: 1	18	18	72.0	18	18	72.0	126.0	116	62	0	0	0	78	1755	1755	Johann Balthasar Rein	Vierstimmig Choralbuch, worinnen alle Melodien, des Schleswig-Hollsteinischen Gesangbuchs, enthalten sind		Ein Würmlein bin ich arm und klein						2021-04-08	Microsoft Windows			Vierstimmig Choralbuch, worinnen alle Melodien, des Schleswig-Hollsteinischen Gesangbuchs, enthalten sind	Ein Würmlein bin ich arm und klein	Johann Balthasar Rein	3.6.2	2.5.3	1755_VierstimmigChoralbuch/Analysis-MusiCAU	1755_VierstimmigChoralbuch/Analysis-MusiCAU/A-MCAU_RE1755-096_SID078.mscx	False	42-74 (F#2-D5)	Piano	62-74 (D4-D5)	Piano	42-57 (F#2-A3)
A-MCAU_RE1755-097_SID020	1: 4/4	1: -1	21	21	84.0	26	26	104.0	148.0	138	74	0	0	0	20	1755	1755	Johann Balthasar Rein	Vierstimmig Choralbuch, worinnen alle Melodien, des Schleswig-Hollsteinischen Gesangbuchs, enthalten sind		Ein Lämmlein geht und trägt						2021-02-24	Microsoft Windows			Vierstimmig Choralbuch, worinnen alle Melodien, des Schleswig-Hollsteinischen Gesangbuchs, enthalten sind	Ein Lämmlein geht und trägt	Johann Balthasar Rein	3.6.2	2.5.3	1755_VierstimmigChoralbuch/Analysis-MusiCAU	1755_VierstimmigChoralbuch/Analysis-MusiCAU/A-MCAU_RE1755-097_SID020.mscx	False	38-74 (D2-D5)	Piano	60-74 (C4-D5)	Piano	38-58 (D2-Bb3)
A-MCAU_RE1755-098	1: 4/4	1: -1	14	14	56.0	21	21	84.0	100.0	95	52	0	0	0		1755	1755	Johann Balthasar Rein	Vierstimmig Choralbuch, worinnen alle Melodien, des Schleswig-Hollsteinischen Gesangbuchs, enthalten sind		Ein´s Christen Hertz sehnt sich						2022-06-21	Microsoft Windows			Vierstimmig Choralbuch, worinnen alle Melodien, des Schleswig-Hollsteinischen Gesangbuchs, enthalten sind	Ein´s Christen Hertz sehnt sich	Johann Balthasar Rein	3.6.2	2.5.3	1755_VierstimmigChoralbuch/Analysis-MusiCAU	1755_VierstimmigChoralbuch/Analysis-MusiCAU/A-MCAU_RE1755-098.mscx	False	41-76 (F2-E5)	Piano	62-76 (D4-E5)	Piano	41-57 (F2-A3)
A-MCAU_RE1755-099	1: 4/4, 5: 3/4	1: -1	21	21	65.0	25	25	81.0	128.0	135	75	0	0	0		1755	1755	Johann Balthasar Rein	Vierstimmig Choralbuch, worinnen alle Melodien, des Schleswig-Hollsteinischen Gesangbuchs, enthalten sind		Eins ist Noth! ach Herr!						2022-07-29	Microsoft Windows			Vierstimmig Choralbuch, worinnen alle Melodien, des Schleswig-Hollsteinischen Gesangbuchs, enthalten sind	Eins ist Noth! ach Herr!	Johann Balthasar Rein	3.6.2	2.5.3	1755_VierstimmigChoralbuch/Analysis-MusiCAU	1755_VierstimmigChoralbuch/Analysis-MusiCAU/A-MCAU_RE1755-099.mscx	False	36-77 (C2-F5)	Piano	65-77 (F4-F5)	Piano	36-60 (C2-C4)
A-MCAU_RE1755-100	1: 3/4	1: -1	26	25	72.0	40	38	111.0	144.0	116	62	0	0	0		1755	1755	Johann Balthasar Rein	Vierstimmig Choralbuch, worinnen alle Melodien, des Schleswig-Hollsteinischen Gesangbuchs, enthalten sind		Entbinde mich mein Gott						2022-06-22	Microsoft Windows			Vierstimmig Choralbuch, worinnen alle Melodien, des Schleswig-Hollsteinischen Gesangbuchs, enthalten sind	Entbinde mich mein Gott	Johann Balthasar Rein	3.6.2	2.5.3	1755_VierstimmigChoralbuch/Analysis-MusiCAU	1755_VierstimmigChoralbuch/Analysis-MusiCAU/A-MCAU_RE1755-100.mscx	False	36-77 (C2-F5)	Piano	62-77 (D4-F5)	Piano	36-60 (C2-C4)
A-MCAU_RE1755-101	1: 4/4	1: 1	14	14	56.0	18	18	72.0	96.0	85	43	0	0	0		1755	1755	Johann Balthasar Rein	Vierstimmig Choralbuch, worinnen alle Melodien, des Schleswig-Hollsteinischen Gesangbuchs, enthalten sind		Erhabne Majestät! an						2022-07-29	Microsoft Windows			Vierstimmig Choralbuch, worinnen alle Melodien, des Schleswig-Hollsteinischen Gesangbuchs, enthalten sind	Erhabne Majestät! an	Johann Balthasar Rein	3.6.2	2.5.3	1755_VierstimmigChoralbuch/Analysis-MusiCAU	1755_VierstimmigChoralbuch/Analysis-MusiCAU/A-MCAU_RE1755-101.mscx	False	43-74 (G2-D5)	Piano	62-74 (D4-D5)	Piano	43-59 (G2-B3)
A-MCAU_RE1755-102a_SID022	1: 4/4	1: -2	10	10	40.0	10	10	40.0	72.0	68	35	0	0	0	22	1755	1755	Johann Balthasar Rein	Vierstimmig Choralbuch, worinnen alle Melodien, des Schleswig-Hollsteinischen Gesangbuchs, enthalten sind		Erhalt uns, Herr, bey deinem Wort [Melodie a]						2021-02-24	Microsoft Windows			Vierstimmig Choralbuch, worinnen alle Melodien, des Schleswig-Hollsteinischen Gesangbuchs, enthalten sind	Erhalt uns, Herr, bey deinem Wort [Melodie a]	Johann Balthasar Rein	3.6.2	2.5.3	1755_VierstimmigChoralbuch/Analysis-MusiCAU	1755_VierstimmigChoralbuch/Analysis-MusiCAU/A-MCAU_RE1755-102a_SID022.mscx	False	41-77 (F2-F5)	Piano	66-77 (F#4-F5)	Piano	41-58 (F2-Bb3)
A-MCAU_RE1755-102b_SID070	1: 4/4	1: -2	13	13	52.0	13	13	52.0	94.0	85	44	0	0	0	70	1755	1755	Johann Balthasar Rein	Vierstimmig Choralbuch, worinnen alle Melodien, des Schleswig-Hollsteinischen Gesangbuchs, enthalten sind		Erhalt uns, Herr, bey deinem Wort [Melodie b]						2021-02-24	Microsoft Windows			Vierstimmig Choralbuch, worinnen alle Melodien, des Schleswig-Hollsteinischen Gesangbuchs, enthalten sind	Erhalt uns, Herr, bey deinem Wort [Melodie b]	Johann Balthasar Rein	3.6.2	2.5.3	1755_VierstimmigChoralbuch/Analysis-MusiCAU	1755_VierstimmigChoralbuch/Analysis-MusiCAU/A-MCAU_RE1755-102b_SID070.mscx	False	41-74 (F2-D5)	Piano	66-74 (F#4-D5)	Piano	41-58 (F2-Bb3)
A-MCAU_RE1755-103	1: 4/4	1: 1	15	15	60.0	15	15	60.0	102.0	96	50	0	0	0		1755	1755	Johann Balthasar Rein	Vierstimmig Choralbuch, worinnen alle Melodien, des Schleswig-Hollsteinischen Gesangbuchs, enthalten sind		Erleuchte mich, Herr, mein Licht						2022-06-27	Microsoft Windows			Vierstimmig Choralbuch, worinnen alle Melodien, des Schleswig-Hollsteinischen Gesangbuchs, enthalten sind	Erleuchte mich, Herr, mein Licht	Johann Balthasar Rein	3.6.2	2.5.3	1755_VierstimmigChoralbuch/Analysis-MusiCAU	1755_VierstimmigChoralbuch/Analysis-MusiCAU/A-MCAU_RE1755-103.mscx	False	38-74 (D2-D5)	Piano	67-74 (G4-D5)	Piano	38-59 (D2-B3)
A-MCAU_RE1755-104_SID074	1: 4/4	1: 1	12	12	48.0	12	12	48.0	86.0	83	45	0	0	0	74	1755	1755	Johann Balthasar Rein	Vierstimmig Choralbuch, worinnen alle Melodien, des Schleswig-Hollsteinischen Gesangbuchs, enthalten sind		Ermuntre dich, Herz, Muth und Sinn						2021-04-08	Microsoft Windows			Vierstimmig Choralbuch, worinnen alle Melodien, des Schleswig-Hollsteinischen Gesangbuchs, enthalten sind	Ermuntre dich, Herz, Muth und Sinn	Johann Balthasar Rein	3.6.2	2.5.3	1755_VierstimmigChoralbuch/Analysis-MusiCAU	1755_VierstimmigChoralbuch/Analysis-MusiCAU/A-MCAU_RE1755-104_SID074.mscx	False	42-74 (F#2-D5)	Piano	67-74 (G4-D5)	Piano	42-57 (F#2-A3)
A-MCAU_RE1755-105	1: 4/4	1: 1	22	22	88.0	22	22	88.0	154.0	145	77	0	0	0		1755	1755	Johann Balthasar Rein	Vierstimmig Choralbuch, worinnen alle Melodien, des Schleswig-Hollsteinischen Gesangbuchs, enthalten sind		Erwach, o Mensch, erwache						2022-07-29	Microsoft Windows			Vierstimmig Choralbuch, worinnen alle Melodien, des Schleswig-Hollsteinischen Gesangbuchs, enthalten sind	Erwach, o Mensch, erwache	Johann Balthasar Rein	3.6.2	2.5.3	1755_VierstimmigChoralbuch/Analysis-MusiCAU	1755_VierstimmigChoralbuch/Analysis-MusiCAU/A-MCAU_RE1755-105.mscx	False	40-74 (E2-D5)	Piano	62-74 (D4-D5)	Piano	40-57 (E2-A3)
A-MCAU_RE1755-106_SID027	1: 4/4	1: 1	13	13	52.0	18	18	72.0	90.0	84	46	0	0	0	27	1755	1755	Johann Balthasar Rein	Vierstimmig Choralbuch, worinnen alle Melodien, des Schleswig-Hollsteinischen Gesangbuchs, enthalten sind		Es spricht der unweisen Mund						2021-02-24	Microsoft Windows			Vierstimmig Choralbuch, worinnen alle Melodien, des Schleswig-Hollsteinischen Gesangbuchs, enthalten sind	Es spricht der unweisen Mund	Johann Balthasar Rein	3.6.2	2.5.3	1755_VierstimmigChoralbuch/Analysis-MusiCAU	1755_VierstimmigChoralbuch/Analysis-MusiCAU/A-MCAU_RE1755-106_SID027.mscx	False	42-74 (F#2-D5)	Piano	62-74 (D4-D5)	Piano	42-55 (F#2-G3)
A-MCAU_RE1755-107_SID055	1: 4/4	1: -2	8	8	32.0	8	8	32.0	64.0	59	30	0	0	0	55	1755	1755	Johann Balthasar Rein	Vierstimmig Choralbuch, worinnen alle Melodien, des Schleswig-Hollsteinischen Gesangbuchs, enthalten sind		Ew'ge Weißheit, Jesu Christ						2021-03-15	Microsoft Windows			Vierstimmig Choralbuch, worinnen alle Melodien, des Schleswig-Hollsteinischen Gesangbuchs, enthalten sind	Ew'ge Weißheit, Jesu Christ	Johann Balthasar Rein	3.6.2	2.5.3	1755_VierstimmigChoralbuch/Analysis-MusiCAU	1755_VierstimmigChoralbuch/Analysis-MusiCAU/A-MCAU_RE1755-107_SID055.mscx	False	38-74 (D2-D5)	Piano	65-74 (F4-D5)	Piano	38-55 (D2-G3)
A-MCAU_RE1755-108	1: 4/4	1: 0	15	15	60.0	15	15	60.0	116.0	113	62	0	0	0		1755	1755	Johann Balthasar Rein	Vierstimmig Choralbuch, worinnen alle Melodien, des Schleswig-Hollsteinischen Gesangbuchs, enthalten sind		Fahre fort, fahre fort, Zion						2022-08-01	Microsoft Windows			Vierstimmig Choralbuch, worinnen alle Melodien, des Schleswig-Hollsteinischen Gesangbuchs, enthalten sind	Fahre fort, fahre fort, Zion	Johann Balthasar Rein	3.6.2	2.5.3	1755_VierstimmigChoralbuch/Analysis-MusiCAU	1755_VierstimmigChoralbuch/Analysis-MusiCAU/A-MCAU_RE1755-108.mscx	False	38-76 (D2-E5)	Piano	60-76 (C4-E5)	Piano	38-55 (D2-G3)
A-MCAU_RE1755-109	1: 4/4	1: -2	16	16	64.0	19	19	76.0	124.0	112	60	0	0	0		1755	1755	Johann Balthasar Rein	Vierstimmig Choralbuch, worinnen alle Melodien, des Schleswig-Hollsteinischen Gesangbuchs, enthalten sind		Folget mir, ruft uns das Leben						2022-08-01	Microsoft Windows			Vierstimmig Choralbuch, worinnen alle Melodien, des Schleswig-Hollsteinischen Gesangbuchs, enthalten sind	Folget mir, ruft uns das Leben	Johann Balthasar Rein	3.6.2	2.5.3	1755_VierstimmigChoralbuch/Analysis-MusiCAU	1755_VierstimmigChoralbuch/Analysis-MusiCAU/A-MCAU_RE1755-109.mscx	False	42-75 (F#2-Eb5)	Piano	62-75 (D4-Eb5)	Piano	42-58 (F#2-Bb3)
A-MCAU_RE1755-110	1: 4/4	1: -1	14	14	56.0	20	20	80.0	112.0	110	56	0	0	0		1755	1755	Johann Balthasar Rein	Vierstimmig Choralbuch, worinnen alle Melodien, des Schleswig-Hollsteinischen Gesangbuchs, enthalten sind		Freuet euch, ihr Christen alle						2022-08-01	Microsoft Windows			Vierstimmig Choralbuch, worinnen alle Melodien, des Schleswig-Hollsteinischen Gesangbuchs, enthalten sind	Freuet euch, ihr Christen alle	Johann Balthasar Rein	3.6.2	2.5.3	1755_VierstimmigChoralbuch/Analysis-MusiCAU	1755_VierstimmigChoralbuch/Analysis-MusiCAU/A-MCAU_RE1755-110.mscx	False	38-74 (D2-D5)	Piano	62-74 (D4-D5)	Piano	38-57 (D2-A3)
A-MCAU_RE1755-111_SID043	1: 4/4	1: -1	13	13	52.0	19	19	76.0	96.0	81	43	0	0	0	43	1755	1755	Johann Balthasar Rein	Vierstimmig Choralbuch, worinnen alle Melodien, des Schleswig-Hollsteinischen Gesangbuchs, enthalten sind		Jesu, meine Freude, meines						2021-03-03	Microsoft Windows			Vierstimmig Choralbuch, worinnen alle Melodien, des Schleswig-Hollsteinischen Gesangbuchs, enthalten sind	Jesu, meine Freude, meines	Johann Balthasar Rein	3.6.2	2.5.3	1755_VierstimmigChoralbuch/Analysis-MusiCAU	1755_VierstimmigChoralbuch/Analysis-MusiCAU/A-MCAU_RE1755-111_SID043.mscx	False	40-77 (E2-F5)	Piano	62-77 (D4-F5)	Piano	40-57 (E2-A3)
A-MCAU_RE1755-112	1: 4/4	1: -1	13	13	52.0	13	13	52.0	104.0	91	50	0	0	0		1755	1755	Johann Balthasar Rein	Vierstimmig Choralbuch, worinnen alle Melodien, des Schleswig-Hollsteinischen Gesangbuchs, enthalten sind		Fröhlich soll mein Hertze springen						2022-08-01	Microsoft Windows			Vierstimmig Choralbuch, worinnen alle Melodien, des Schleswig-Hollsteinischen Gesangbuchs, enthalten sind	Fröhlich soll mein Hertze springen	Johann Balthasar Rein	3.6.2	2.5.3	1755_VierstimmigChoralbuch/Analysis-MusiCAU	1755_VierstimmigChoralbuch/Analysis-MusiCAU/A-MCAU_RE1755-112.mscx	False	41-77 (F2-F5)	Piano	65-77 (F4-F5)	Piano	41-57 (F2-A3)
A-MCAU_RE1755-113_SID057	1: 3/4	1: 1	37	36	109.0	37	36	109.0	216.0	165	91	0	0	0	57	1755	1755	Johann Balthasar Rein	Vierstimmig Choralbuch, worinnen alle Melodien, des Schleswig-Hollsteinischen Gesangbuchs, enthalten sind		Frolocket ißt mit Händen						2021-03-21	Microsoft Windows			Vierstimmig Choralbuch, worinnen alle Melodien, des Schleswig-Hollsteinischen Gesangbuchs, enthalten sind	Frolocket ißt mit Händen	Johann Balthasar Rein	3.6.2	2.5.3	1755_VierstimmigChoralbuch/Analysis-MusiCAU	1755_VierstimmigChoralbuch/Analysis-MusiCAU/A-MCAU_RE1755-113_SID057.mscx	False	40-74 (E2-D5)	Piano	62-74 (D4-D5)	Piano	40-55 (E2-G3)
A-MCAU_RE1755-114	1: 4/4, 7: 3/4	1: 2	15	15	48.0	21	21	72.0	88.0	82	43	0	0	0		1755	1755	Johann Balthasar Rein	Vierstimmig Choralbuch, worinnen alle Melodien, des Schleswig-Hollsteinischen Gesangbuchs, enthalten sind		Gecreutzigter, mein Hertze sucht						2022-08-01	Microsoft Windows			Vierstimmig Choralbuch, worinnen alle Melodien, des Schleswig-Hollsteinischen Gesangbuchs, enthalten sind	Gecreutzigter, mein Hertze sucht	Johann Balthasar Rein	3.6.2	2.5.3	1755_VierstimmigChoralbuch/Analysis-MusiCAU	1755_VierstimmigChoralbuch/Analysis-MusiCAU/A-MCAU_RE1755-114.mscx	False	42-76 (F#2-E5)	Piano	66-76 (F#4-E5)	Piano	42-59 (F#2-B3)
A-MCAU_RE1755-115	1: 4/4	1: 1	19	19	76.0	23	23	92.0	132.0	124	65	0	0	0		1755	1755	Johann Balthasar Rein	Vierstimmig Choralbuch, worinnen alle Melodien, des Schleswig-Hollsteinischen Gesangbuchs, enthalten sind		Gedencke mein, Jehovah						2022-08-01	Microsoft Windows			Vierstimmig Choralbuch, worinnen alle Melodien, des Schleswig-Hollsteinischen Gesangbuchs, enthalten sind	Gedencke mein, Jehovah	Johann Balthasar Rein	3.6.2	2.5.3	1755_VierstimmigChoralbuch/Analysis-MusiCAU	1755_VierstimmigChoralbuch/Analysis-MusiCAU/A-MCAU_RE1755-115.mscx	False	38-76 (D2-E5)	Piano	64-76 (E4-E5)	Piano	38-55 (D2-G3)
A-MCAU_RE1755-116	1: 4/4	1: 1	22	22	88.0	22	22	88.0	160.0	142	72	0	0	0		1755	1755	Johann Balthasar Rein	Vierstimmig Choralbuch, worinnen alle Melodien, des Schleswig-Hollsteinischen Gesangbuchs, enthalten sind		Gelaßenheit, du angenehmer Gast						2022-08-01	Microsoft Windows			Vierstimmig Choralbuch, worinnen alle Melodien, des Schleswig-Hollsteinischen Gesangbuchs, enthalten sind	Gelaßenheit, du angenehmer Gast	Johann Balthasar Rein	3.6.2	2.5.3	1755_VierstimmigChoralbuch/Analysis-MusiCAU	1755_VierstimmigChoralbuch/Analysis-MusiCAU/A-MCAU_RE1755-116.mscx	False	42-76 (F#2-E5)	Piano	63-76 (D#4-E5)	Piano	42-57 (F#2-A3)
A-MCAU_RE1755-117	1: 3/4	1: -1	16	16	48.0	24	24	72.0	96.0	89	46	0	0	0		1755	1755	Johann Balthasar Rein	Vierstimmig Choralbuch, worinnen alle Melodien, des Schleswig-Hollsteinischen Gesangbuchs, enthalten sind		Christen erwarten in allerley Fällen						2022-08-01	Microsoft Windows			Vierstimmig Choralbuch, worinnen alle Melodien, des Schleswig-Hollsteinischen Gesangbuchs, enthalten sind	Christen erwarten in allerley Fällen	Johann Balthasar Rein	3.6.2	2.5.3	1755_VierstimmigChoralbuch/Analysis-MusiCAU	1755_VierstimmigChoralbuch/Analysis-MusiCAU/A-MCAU_RE1755-117.mscx	False	41-76 (F2-E5)	Piano	60-76 (C4-E5)	Piano	41-55 (F2-G3)
A-MCAU_RE1755-118_SID030	1: 4/4	1: 1	12	12	48.0	12	12	48.0	84.0	76	40	0	0	0	30	1755	1755	Johann Balthasar Rein	Vierstimmig Choralbuch, worinnen alle Melodien, des Schleswig-Hollsteinischen Gesangbuchs, enthalten sind		Gelobet seyst du, Jesu Christ						2021-02-24	Microsoft Windows			Vierstimmig Choralbuch, worinnen alle Melodien, des Schleswig-Hollsteinischen Gesangbuchs, enthalten sind	Gelobet seyst du, Jesu Christ	Johann Balthasar Rein	3.6.2	2.5.3	1755_VierstimmigChoralbuch/Analysis-MusiCAU	1755_VierstimmigChoralbuch/Analysis-MusiCAU/A-MCAU_RE1755-118_SID030.mscx	False	43-76 (G2-E5)	Piano	62-76 (D4-E5)	Piano	43-55 (G2-G3)
A-MCAU_RE1755-119_SID038	1: 4/4	1: 0	25	25	100.0	33	33	132.0	172.0	153	78	0	0	0	38	1755	1755	Johann Balthasar Rein	Vierstimmig Choralbuch, worinnen alle Melodien, des Schleswig-Hollsteinischen Gesangbuchs, enthalten sind		Herzlich lieb hab ich dich						2021-03-03	Microsoft Windows			Vierstimmig Choralbuch, worinnen alle Melodien, des Schleswig-Hollsteinischen Gesangbuchs, enthalten sind	Herzlich lieb hab ich dich	Johann Balthasar Rein	3.6.2	2.5.3	1755_VierstimmigChoralbuch/Analysis-MusiCAU	1755_VierstimmigChoralbuch/Analysis-MusiCAU/A-MCAU_RE1755-119_SID038.mscx	False	41-77 (F2-F5)	Piano	64-77 (E4-F5)	Piano	41-60 (F2-C4)
A-MCAU_RE1755-120	1: 3/4	1: -1	18	18	54.0	26	26	78.0	108.0	97	53	0	0	0		1755	1755	Johann Balthasar Rein	Vierstimmig Choralbuch, worinnen alle Melodien, des Schleswig-Hollsteinischen Gesangbuchs, enthalten sind		Gib dich zufrieden und sey stille						2022-08-01	Microsoft Windows			Vierstimmig Choralbuch, worinnen alle Melodien, des Schleswig-Hollsteinischen Gesangbuchs, enthalten sind	Gib dich zufrieden und sey stille	Johann Balthasar Rein	3.6.2	2.5.3	1755_VierstimmigChoralbuch/Analysis-MusiCAU	1755_VierstimmigChoralbuch/Analysis-MusiCAU/A-MCAU_RE1755-120.mscx	False	38-77 (D2-F5)	Piano	62-77 (D4-F5)	Piano	38-57 (D2-A3)
A-MCAU_RE1755-121	1: 4/4	1: 0	16	16	64.0	16	16	64.0	128.0	128	66	0	0	0		1755	1755	Johann Balthasar Rein	Vierstimmig Choralbuch, worinnen alle Melodien, des Schleswig-Hollsteinischen Gesangbuchs, enthalten sind		Gott! den ich als Liebe kenne						2022-08-01	Microsoft Windows			Vierstimmig Choralbuch, worinnen alle Melodien, des Schleswig-Hollsteinischen Gesangbuchs, enthalten sind	Gott! den ich als Liebe kenne	Johann Balthasar Rein	3.6.2	2.5.3	1755_VierstimmigChoralbuch/Analysis-MusiCAU	1755_VierstimmigChoralbuch/Analysis-MusiCAU/A-MCAU_RE1755-121.mscx	False	40-76 (E2-E5)	Piano	64-76 (E4-E5)	Piano	40-57 (E2-A3)
A-MCAU_RE1755-122_SID031	1: 4/4	1: 2	29	29	116.0	34	34	136.0	208.0	184	95	0	0	0	31	1755	1755	Johann Balthasar Rein	Vierstimmig Choralbuch, worinnen alle Melodien, des Schleswig-Hollsteinischen Gesangbuchs, enthalten sind		Gott der Vater wohn uns bey						2021-02-24	Microsoft Windows			Vierstimmig Choralbuch, worinnen alle Melodien, des Schleswig-Hollsteinischen Gesangbuchs, enthalten sind	Gott der Vater wohn uns bey	Johann Balthasar Rein	3.6.2	2.5.3	1755_VierstimmigChoralbuch/Analysis-MusiCAU	1755_VierstimmigChoralbuch/Analysis-MusiCAU/A-MCAU_RE1755-122_SID031.mscx	False	40-76 (E2-E5)	Piano	62-76 (D4-E5)	Piano	40-57 (E2-A3)
A-MCAU_RE1755-123_SID041	1: 4/4	1: 1	16	16	64.0	21	21	84.0	116.0	105	56	0	0	0	41	1755	1755	Johann Balthasar Rein	Vierstimmig Choralbuch, worinnen alle Melodien, des Schleswig-Hollsteinischen Gesangbuchs, enthalten sind		Gott, der du selbst die Liebe bist						2021-03-03	Microsoft Windows			Vierstimmig Choralbuch, worinnen alle Melodien, des Schleswig-Hollsteinischen Gesangbuchs, enthalten sind	Gott, der du selbst die Liebe bist	Johann Balthasar Rein	3.6.2	2.5.3	1755_VierstimmigChoralbuch/Analysis-MusiCAU	1755_VierstimmigChoralbuch/Analysis-MusiCAU/A-MCAU_RE1755-123_SID041.mscx	False	40-76 (E2-E5)	Piano	62-76 (D4-E5)	Piano	40-55 (E2-G3)
A-MCAU_RE1755-124	1: 4/4	1: 0	30	30	120.0	30	30	120.0	220.0	206	112	0	0	0		1755	1755	Johann Balthasar Rein	Vierstimmig Choralbuch, worinnen alle Melodien, des Schleswig-Hollsteinischen Gesangbuchs, enthalten sind		Gott kans nicht böse meynen						2022-08-01	Microsoft Windows			Vierstimmig Choralbuch, worinnen alle Melodien, des Schleswig-Hollsteinischen Gesangbuchs, enthalten sind	Gott kans nicht böse meynen	Johann Balthasar Rein	3.6.2	2.5.3	1755_VierstimmigChoralbuch/Analysis-MusiCAU	1755_VierstimmigChoralbuch/Analysis-MusiCAU/A-MCAU_RE1755-124.mscx	False	38-76 (D2-E5)	Piano	64-76 (E4-E5)	Piano	38-57 (D2-A3)
A-MCAU_RE1755-125	1: 4/4	1: 1	20	20	80.0	20	20	80.0	156.0	151	81	0	0	0		1755	1755	Johann Balthasar Rein	Vierstimmig Choralbuch, worinnen alle Melodien, des Schleswig-Hollsteinischen Gesangbuchs, enthalten sind		Gott lebet noch! Seele was verz.						2022-08-01	Microsoft Windows			Vierstimmig Choralbuch, worinnen alle Melodien, des Schleswig-Hollsteinischen Gesangbuchs, enthalten sind	Gott lebet noch! Seele was verz.	Johann Balthasar Rein	3.6.2	2.5.3	1755_VierstimmigChoralbuch/Analysis-MusiCAU	1755_VierstimmigChoralbuch/Analysis-MusiCAU/A-MCAU_RE1755-125.mscx	False	43-76 (G2-E5)	Piano	62-76 (D4-E5)	Piano	43-57 (G2-A3)
A-MCAU_RE1755-126_SID058	1: 4/4	1: 1	15	15	60.0	15	15	60.0	104.0	96	54	0	0	0	58	1755	1755	Johann Balthasar Rein	Vierstimmig Choralbuch, worinnen alle Melodien, des Schleswig-Hollsteinischen Gesangbuchs, enthalten sind		Gott lob! die Stund ist kommen						2021-04-08	Microsoft Windows			Vierstimmig Choralbuch, worinnen alle Melodien, des Schleswig-Hollsteinischen Gesangbuchs, enthalten sind	Gott lob! die Stund ist kommen	Johann Balthasar Rein	3.6.2	2.5.3	1755_VierstimmigChoralbuch/Analysis-MusiCAU	1755_VierstimmigChoralbuch/Analysis-MusiCAU/A-MCAU_RE1755-126_SID058.mscx	False	42-74 (F#2-D5)	Piano	62-74 (D4-D5)	Piano	42-55 (F#2-G3)
A-MCAU_RE1755-127	1: 4/4	1: 0	9	9	36.0	9	9	36.0	72.0	62	32	0	0	0		1755	1755	Johann Balthasar Rein	Vierstimmig Choralbuch, worinnen alle Melodien, des Schleswig-Hollsteinischen Gesangbuchs, enthalten sind		Gott wills machen, daß die Sachen						2022-08-01	Microsoft Windows			Vierstimmig Choralbuch, worinnen alle Melodien, des Schleswig-Hollsteinischen Gesangbuchs, enthalten sind	Gott wills machen, daß die Sachen	Johann Balthasar Rein	3.6.2	2.5.3	1755_VierstimmigChoralbuch/Analysis-MusiCAU	1755_VierstimmigChoralbuch/Analysis-MusiCAU/A-MCAU_RE1755-127.mscx	False	40-76 (E2-E5)	Piano	64-76 (E4-E5)	Piano	40-57 (E2-A3)
A-MCAU_RE1755-128	1: 4/4	1: 1	21	21	84.0	28	28	112.0	162.0	137	74	0	0	0		1755	1755	Johann Balthasar Rein	Vierstimmig Choralbuch, worinnen alle Melodien, des Schleswig-Hollsteinischen Gesangbuchs, enthalten sind		Gott sey gelobet und gebenedeyet						2022-08-01	Microsoft Windows			Vierstimmig Choralbuch, worinnen alle Melodien, des Schleswig-Hollsteinischen Gesangbuchs, enthalten sind	Gott sey gelobet und gebenedeyet	Johann Balthasar Rein	3.6.2	2.5.3	1755_VierstimmigChoralbuch/Analysis-MusiCAU	1755_VierstimmigChoralbuch/Analysis-MusiCAU/A-MCAU_RE1755-128.mscx	False	40-74 (E2-D5)	Piano	60-74 (C4-D5)	Piano	40-55 (E2-G3)
A-MCAU_RE1755-129	1: 4/4	1: 0	24	24	96.0	24	24	96.0	172.0	154	81	0	0	0		1755	1755	Johann Balthasar Rein	Vierstimmig Choralbuch, worinnen alle Melodien, des Schleswig-Hollsteinischen Gesangbuchs, enthalten sind		Der Glaube ist der Sieg						2022-08-01	Microsoft Windows			Vierstimmig Choralbuch, worinnen alle Melodien, des Schleswig-Hollsteinischen Gesangbuchs, enthalten sind	Der Glaube ist der Sieg	Johann Balthasar Rein	3.6.2	2.5.3	1755_VierstimmigChoralbuch/Analysis-MusiCAU	1755_VierstimmigChoralbuch/Analysis-MusiCAU/A-MCAU_RE1755-129.mscx	False	40-77 (E2-F5)	Piano	64-77 (E4-F5)	Piano	40-57 (E2-A3)
A-MCAU_RE1755-130_SID047	1: 4/4	1: 1	10	10	40.0	15	15	60.0	72.0	63	32	0	0	0	47	1755	1755	Johann Balthasar Rein	Vierstimmig Choralbuch, worinnen alle Melodien, des Schleswig-Hollsteinischen Gesangbuchs, enthalten sind		Liebster Jesu, wir sind hier						2021-03-10	Microsoft Windows			Vierstimmig Choralbuch, worinnen alle Melodien, des Schleswig-Hollsteinischen Gesangbuchs, enthalten sind	Liebster Jesu, wir sind hier	Johann Balthasar Rein	3.6.2	2.5.3	1755_VierstimmigChoralbuch/Analysis-MusiCAU	1755_VierstimmigChoralbuch/Analysis-MusiCAU/A-MCAU_RE1755-130_SID047.mscx	False	43-74 (G2-D5)	Piano	62-74 (D4-D5)	Piano	43-55 (G2-G3)
A-MCAU_RE1755-131_SID095	1: 4/4	1: 4	13	13	52.0	18	18	72.0	100.0	96	51	0	0	0	95	1755	1755	Johann Balthasar Rein	Vierstimmig Choralbuch, worinnen alle Melodien, des Schleswig-Hollsteinischen Gesangbuchs, enthalten sind		Herr! dir trau ich all mein Tage						2022-04-06	Microsoft Windows			Vierstimmig Choralbuch, worinnen alle Melodien, des Schleswig-Hollsteinischen Gesangbuchs, enthalten sind	Herr! dir trau ich all mein Tage	Johann Balthasar Rein	3.6.2	2.5.3	1755_VierstimmigChoralbuch/Analysis-MusiCAU	1755_VierstimmigChoralbuch/Analysis-MusiCAU/A-MCAU_RE1755-131_SID095.mscx	False	40-76 (E2-E5)	Piano	64-76 (E4-E5)	Piano	40-59 (E2-B3)
A-MCAU_RE1755-132_SID094	1: 4/4	1: -1	10	10	40.0	10	10	40.0	72.0	66	34	0	0	0	94	1755	1755	Johann Balthasar Rein	Vierstimmig Choralbuch, worinnen alle Melodien, des Schleswig-Hollsteinischen Gesangbuchs, enthalten sind		Herr Jesu Christ, wahr Mensch und						2022-04-06	Microsoft Windows			Vierstimmig Choralbuch, worinnen alle Melodien, des Schleswig-Hollsteinischen Gesangbuchs, enthalten sind	Herr Jesu Christ, wahr Mensch und	Johann Balthasar Rein	3.6.2	2.5.3	1755_VierstimmigChoralbuch/Analysis-MusiCAU	1755_VierstimmigChoralbuch/Analysis-MusiCAU/A-MCAU_RE1755-132_SID094.mscx	False	41-74 (F2-D5)	Piano	62-74 (D4-D5)	Piano	41-55 (F2-G3)
A-MCAU_RE1755-133_SID034	1: 4/4	1: 0	78	78	312.0	98	98	392.0	564.0	514	271	0	0	0	34	1755	1755	Johann Balthasar Rein	Vierstimmig Choralbuch, worinnen alle Melodien, des Schleswig-Hollsteinischen Gesangbuchs, enthalten sind		Herr Gott, dich loben wir						2021-10-22	Microsoft Windows			Vierstimmig Choralbuch, worinnen alle Melodien, des Schleswig-Hollsteinischen Gesangbuchs, enthalten sind	Herr Gott, dich loben wir	Johann Balthasar Rein	3.6.2	2.5.3	1755_VierstimmigChoralbuch/Analysis-MusiCAU	1755_VierstimmigChoralbuch/Analysis-MusiCAU/A-MCAU_RE1755-133_SID034.mscx	False	40-74 (E2-D5)	Piano	60-74 (C4-D5)	Piano	40-57 (E2-A3)
A-MCAU_RE1755-134_SID035	1: 3/4	1: -1	17	16	49.0	17	16	49.0	96.0	72	41	0	0	0	35	1755	1755	Johann Balthasar Rein	Vierstimmig Choralbuch, worinnen alle Melodien, des Schleswig-Hollsteinischen Gesangbuchs, enthalten sind		Herr Jesu Christ, dich zu uns wend						2021-10-22	Microsoft Windows			Vierstimmig Choralbuch, worinnen alle Melodien, des Schleswig-Hollsteinischen Gesangbuchs, enthalten sind	Herr Jesu Christ, dich zu uns wend	Johann Balthasar Rein	3.6.2	2.5.3	1755_VierstimmigChoralbuch/Analysis-MusiCAU	1755_VierstimmigChoralbuch/Analysis-MusiCAU/A-MCAU_RE1755-134_SID035.mscx	False	41-74 (F2-D5)	Piano	64-74 (E4-D5)	Piano	41-55 (F2-G3)
A-MCAU_RE1755-135	1: 4/4	1: 0	10	10	40.0	10	10	40.0	80.0	79	41	0	0	0		1755	1755	Johann Balthasar Rein	Vierstimmig Choralbuch, worinnen alle Melodien, des Schleswig-Hollsteinischen Gesangbuchs, enthalten sind		Hüter, wird die Nacht der Sünden						2022-08-01	Microsoft Windows			Vierstimmig Choralbuch, worinnen alle Melodien, des Schleswig-Hollsteinischen Gesangbuchs, enthalten sind	Hüter, wird die Nacht der Sünden	Johann Balthasar Rein	3.6.2	2.5.3	1755_VierstimmigChoralbuch/Analysis-MusiCAU	1755_VierstimmigChoralbuch/Analysis-MusiCAU/A-MCAU_RE1755-135.mscx	False	40-76 (E2-E5)	Piano	64-76 (E4-E5)	Piano	40-57 (E2-A3)
A-MCAU_RE1755-136_SID053	1: 4/4	1: -1	13	13	52.0	18	18	72.0	88.0	79	42	0	0	0	53	1755	1755	Johann Balthasar Rein	Vierstimmig Choralbuch, worinnen alle Melodien, des Schleswig-Hollsteinischen Gesangbuchs, enthalten sind		Ich danke dir, mein Gott						2021-03-10	Microsoft Windows			Vierstimmig Choralbuch, worinnen alle Melodien, des Schleswig-Hollsteinischen Gesangbuchs, enthalten sind	Ich danke dir, mein Gott	Johann Balthasar Rein	3.6.2	2.5.3	1755_VierstimmigChoralbuch/Analysis-MusiCAU	1755_VierstimmigChoralbuch/Analysis-MusiCAU/A-MCAU_RE1755-136_SID053.mscx	False	41-74 (F2-D5)	Piano	64-74 (E4-D5)	Piano	41-58 (F2-Bb3)
A-MCAU_RE1755-137	1: 3/4	1: -1	17	17	49.0	17	17	49.0	98.0	68	37	0	0	0		1755	1755	Johann Balthasar Rein	Vierstimmig Choralbuch, worinnen alle Melodien, des Schleswig-Hollsteinischen Gesangbuchs, enthalten sind		Ich Erde, was erkühn ich mich						2022-06-21	Microsoft Windows			Vierstimmig Choralbuch, worinnen alle Melodien, des Schleswig-Hollsteinischen Gesangbuchs, enthalten sind	Ich Erde, was erkühn ich mich	Johann Balthasar Rein	3.6.2	2.5.3	1755_VierstimmigChoralbuch/Analysis-MusiCAU	1755_VierstimmigChoralbuch/Analysis-MusiCAU/A-MCAU_RE1755-137.mscx	False	41-76 (F2-E5)	Piano	62-76 (D4-E5)	Piano	41-57 (F2-A3)
A-MCAU_RE1755-138_SID040	1: 4/4	1: 0	12	12	48.0	12	12	48.0	82.0	73	37	0	0	0	40	1755	1755	Johann Balthasar Rein	Vierstimmig Choralbuch, worinnen alle Melodien, des Schleswig-Hollsteinischen Gesangbuchs, enthalten sind		Ich hab mein Sach Gott heimgestellt						2021-03-03	Microsoft Windows			Vierstimmig Choralbuch, worinnen alle Melodien, des Schleswig-Hollsteinischen Gesangbuchs, enthalten sind	Ich hab mein Sach Gott heimgestellt	Johann Balthasar Rein	3.6.2	2.5.3	1755_VierstimmigChoralbuch/Analysis-MusiCAU	1755_VierstimmigChoralbuch/Analysis-MusiCAU/A-MCAU_RE1755-138_SID040.mscx	False	43-74 (G2-D5)	Piano	66-74 (F#4-D5)	Piano	43-55 (G2-G3)
A-MCAU_RE1755-139_SID083	1: 4/4	1: -2	13	13	52.0	13	13	52.0	92.0	79	41	0	0	0	83	1755	1755	Johann Balthasar Rein	Vierstimmig Choralbuch, worinnen alle Melodien, des Schleswig-Hollsteinischen Gesangbuchs, enthalten sind		Ich liebe Gott, und will ein Spott						2021-04-08	Microsoft Windows			Vierstimmig Choralbuch, worinnen alle Melodien, des Schleswig-Hollsteinischen Gesangbuchs, enthalten sind	Ich liebe Gott, und will ein Spott	Johann Balthasar Rein	3.6.2	2.5.3	1755_VierstimmigChoralbuch/Analysis-MusiCAU	1755_VierstimmigChoralbuch/Analysis-MusiCAU/A-MCAU_RE1755-139_SID083.mscx	False	41-74 (F2-D5)	Piano	67-74 (G4-D5)	Piano	41-55 (F2-G3)
A-MCAU_RE1755-140_SID048	1: 4/4	1: -1	12	12	48.0	12	12	48.0	82.0	81	45	0	0	0	48	1755	1755	Johann Balthasar Rein	Vierstimmig Choralbuch, worinnen alle Melodien, des Schleswig-Hollsteinischen Gesangbuchs, enthalten sind		Ich singe dir mit Herz und Mund						2021-03-10	Microsoft Windows			Vierstimmig Choralbuch, worinnen alle Melodien, des Schleswig-Hollsteinischen Gesangbuchs, enthalten sind	Ich singe dir mit Herz und Mund	Johann Balthasar Rein	3.6.2	2.5.3	1755_VierstimmigChoralbuch/Analysis-MusiCAU	1755_VierstimmigChoralbuch/Analysis-MusiCAU/A-MCAU_RE1755-140_SID048.mscx	False	41-74 (F2-D5)	Piano	65-74 (F4-D5)	Piano	41-55 (F2-G3)
A-MCAU_RE1755-141	1: 4/4	1: -1	13	13	52.0	13	13	52.0	92.0	79	42	0	0	0		1755	1755	Johann Balthasar Rein	Vierstimmig Choralbuch, worinnen alle Melodien, des Schleswig-Hollsteinischen Gesangbuchs, enthalten sind		Ich steh in Angst und Pein						2022-08-01	Microsoft Windows			Vierstimmig Choralbuch, worinnen alle Melodien, des Schleswig-Hollsteinischen Gesangbuchs, enthalten sind	Ich steh in Angst und Pein	Johann Balthasar Rein	3.6.2	2.5.3	1755_VierstimmigChoralbuch/Analysis-MusiCAU	1755_VierstimmigChoralbuch/Analysis-MusiCAU/A-MCAU_RE1755-141.mscx	False	41-74 (F2-D5)	Piano	65-74 (F4-D5)	Piano	41-55 (F2-G3)
A-MCAU_RE1755-142	1: 4/4	1: -2	9	9	36.0	9	9	36.0	72.0	75	38	0	0	0		1755	1755	Johann Balthasar Rein	Vierstimmig Choralbuch, worinnen alle Melodien, des Schleswig-Hollsteinischen Gesangbuchs, enthalten sind		Jesu, gieb mir deine Fülle						2022-07-15	Microsoft Windows			Vierstimmig Choralbuch, worinnen alle Melodien, des Schleswig-Hollsteinischen Gesangbuchs, enthalten sind	Jesu, gieb mir deine Fülle	Johann Balthasar Rein	3.6.2	2.5.3	1755_VierstimmigChoralbuch/Analysis-MusiCAU	1755_VierstimmigChoralbuch/Analysis-MusiCAU/A-MCAU_RE1755-142.mscx	False	38-74 (D2-D5)	Piano	66-74 (F#4-D5)	Piano	38-58 (D2-Bb3)
A-MCAU_RE1755-143	1: 4/4	1: 2	7	7	28.0	7	7	28.0	52.0	50	26	0	0	0		1755	1755	Johann Balthasar Rein	Vierstimmig Choralbuch, worinnen alle Melodien, des Schleswig-Hollsteinischen Gesangbuchs, enthalten sind		Jesu, laß mich mit Verlangen						2022-07-15	Microsoft Windows			Vierstimmig Choralbuch, worinnen alle Melodien, des Schleswig-Hollsteinischen Gesangbuchs, enthalten sind	Jesu, laß mich mit Verlangen	Johann Balthasar Rein	3.6.2	2.5.3	1755_VierstimmigChoralbuch/Analysis-MusiCAU	1755_VierstimmigChoralbuch/Analysis-MusiCAU/A-MCAU_RE1755-143.mscx	False	45-76 (A2-E5)	Piano	62-76 (D4-E5)	Piano	45-52 (A2-E3)
A-MCAU_RE1755-144	1: 4/4	1: -2	12	12	48.0	19	19	76.0	92.0	84	44	0	0	0		1755	1755	Johann Balthasar Rein	Vierstimmig Choralbuch, worinnen alle Melodien, des Schleswig-Hollsteinischen Gesangbuchs, enthalten sind		Jesu, o du Trost derr Seelen						2022-07-15	Microsoft Windows			Vierstimmig Choralbuch, worinnen alle Melodien, des Schleswig-Hollsteinischen Gesangbuchs, enthalten sind	Jesu, o du Trost derr Seelen	Johann Balthasar Rein	3.6.2	2.5.3	1755_VierstimmigChoralbuch/Analysis-MusiCAU	1755_VierstimmigChoralbuch/Analysis-MusiCAU/A-MCAU_RE1755-144.mscx	False	41-75 (F2-Eb5)	Piano	67-75 (G4-Eb5)	Piano	41-58 (F2-Bb3)
A-MCAU_RE1755-145	1: 4/4	1: 3	13	13	52.0	13	13	52.0	104.0	91	46	0	0	0		1755	1755	Johann Balthasar Rein	Vierstimmig Choralbuch, worinnen alle Melodien, des Schleswig-Hollsteinischen Gesangbuchs, enthalten sind		Jesu, wahres Lebens=Brod						2022-07-15	Microsoft Windows			Vierstimmig Choralbuch, worinnen alle Melodien, des Schleswig-Hollsteinischen Gesangbuchs, enthalten sind	Jesu, wahres Lebens=Brod	Johann Balthasar Rein	3.6.2	2.5.3	1755_VierstimmigChoralbuch/Analysis-MusiCAU	1755_VierstimmigChoralbuch/Analysis-MusiCAU/A-MCAU_RE1755-145.mscx	False	42-74 (F#2-D5)	Piano	64-74 (E4-D5)	Piano	42-57 (F#2-A3)
A-MCAU_RE1755-146_SID044	1: 4/4	1: 0	11	11	44.0	11	11	44.0	82.0	66	34	0	0	0	44	1755	1755	Johann Balthasar Rein	Vierstimmig Choralbuch, worinnen alle Melodien, des Schleswig-Hollsteinischen Gesangbuchs, enthalten sind		Jesus Christus unser Heiland, der den						2021-03-03	Microsoft Windows			Vierstimmig Choralbuch, worinnen alle Melodien, des Schleswig-Hollsteinischen Gesangbuchs, enthalten sind	Jesus Christus unser Heiland, der den	Johann Balthasar Rein	3.6.2	2.5.3	1755_VierstimmigChoralbuch/Analysis-MusiCAU	1755_VierstimmigChoralbuch/Analysis-MusiCAU/A-MCAU_RE1755-146_SID044.mscx	False	43-72 (G2-C5)	Piano	64-72 (E4-C5)	Piano	43-57 (G2-A3)
A-MCAU_RE1755-147	1: 4/4	1: 0	13	13	52.0	18	18	72.0	100.0	96	50	0	0	0		1755	1755	Johann Balthasar Rein	Vierstimmig Choralbuch, worinnen alle Melodien, des Schleswig-Hollsteinischen Gesangbuchs, enthalten sind		Jesus ist das schönste Licht						2022-07-15	Microsoft Windows			Vierstimmig Choralbuch, worinnen alle Melodien, des Schleswig-Hollsteinischen Gesangbuchs, enthalten sind	Jesus ist das schönste Licht	Johann Balthasar Rein	3.6.2	2.5.3	1755_VierstimmigChoralbuch/Analysis-MusiCAU	1755_VierstimmigChoralbuch/Analysis-MusiCAU/A-MCAU_RE1755-147.mscx	False	40-76 (E2-E5)	Piano	64-76 (E4-E5)	Piano	40-57 (E2-A3)
A-MCAU_RE1755-148	1: 3/4	1: 0	23	23	69.0	23	23	69.0	138.0	112	58	0	0	0		1755	1755	Johann Balthasar Rein	Vierstimmig Choralbuch, worinnen alle Melodien, des Schleswig-Hollsteinischen Gesangbuchs, enthalten sind		Jesu, wie sanft und wie so leichte						2022-07-25	Microsoft Windows			Vierstimmig Choralbuch, worinnen alle Melodien, des Schleswig-Hollsteinischen Gesangbuchs, enthalten sind	Jesu, wie sanft und wie so leichte	Johann Balthasar Rein	3.6.2	2.5.3	1755_VierstimmigChoralbuch/Analysis-MusiCAU	1755_VierstimmigChoralbuch/Analysis-MusiCAU/A-MCAU_RE1755-148.mscx	False	40-76 (E2-E5)	Piano	64-76 (E4-E5)	Piano	40-57 (E2-A3)
A-MCAU_RE1755-149	1: 4/4	1: 1	14	14	56.0	20	20	80.0	108.0	108	62	0	0	0		1755	1755	Johann Balthasar Rein	Vierstimmig Choralbuch, worinnen alle Melodien, des Schleswig-Hollsteinischen Gesangbuchs, enthalten sind		Immanuel, des Güte nicht zu						2022-07-25	Microsoft Windows			Vierstimmig Choralbuch, worinnen alle Melodien, des Schleswig-Hollsteinischen Gesangbuchs, enthalten sind	Immanuel, des Güte nicht zu	Johann Balthasar Rein	3.6.2	2.5.3	1755_VierstimmigChoralbuch/Analysis-MusiCAU	1755_VierstimmigChoralbuch/Analysis-MusiCAU/A-MCAU_RE1755-149.mscx	False	38-76 (D2-E5)	Piano	64-76 (E4-E5)	Piano	38-55 (D2-G3)
A-MCAU_RE1755-150	1: 4/4	1: 1	12	12	48.0	12	12	48.0	92.0	85	44	0	0	0		1755	1755	Johann Balthasar Rein	Vierstimmig Choralbuch, worinnen alle Melodien, des Schleswig-Hollsteinischen Gesangbuchs, enthalten sind		Jesus Christus unser Heiland, der von						2022-07-25	Microsoft Windows			Vierstimmig Choralbuch, worinnen alle Melodien, des Schleswig-Hollsteinischen Gesangbuchs, enthalten sind	Jesus Christus unser Heiland, der von	Johann Balthasar Rein	3.6.2	2.5.3	1755_VierstimmigChoralbuch/Analysis-MusiCAU	1755_VierstimmigChoralbuch/Analysis-MusiCAU/A-MCAU_RE1755-150.mscx	False	43-76 (G2-E5)	Piano	64-76 (E4-E5)	Piano	43-55 (G2-G3)
A-MCAU_RE1755-151_SID045	1: 4/4	1: 1	26	26	104.0	26	26	104.0	186.0	175	92	0	0	0	45	1755	1755	Johann Balthasar Rein	Vierstimmig Choralbuch, worinnen alle Melodien, des Schleswig-Hollsteinischen Gesangbuchs, enthalten sind		Komm heiliger Geist. Herre Gott						2021-03-03	Microsoft Windows			Vierstimmig Choralbuch, worinnen alle Melodien, des Schleswig-Hollsteinischen Gesangbuchs, enthalten sind	Komm heiliger Geist. Herre Gott	Johann Balthasar Rein	3.6.2	2.5.3	1755_VierstimmigChoralbuch/Analysis-MusiCAU	1755_VierstimmigChoralbuch/Analysis-MusiCAU/A-MCAU_RE1755-151_SID045.mscx	False	38-76 (D2-E5)	Piano	62-76 (D4-E5)	Piano	38-55 (D2-G3)
A-MCAU_RE1755-152	1: 4/4	1: 2	13	13	52.0	20	20	80.0	92.0	85	44	0	0	0		1755	1755	Johann Balthasar Rein	Vierstimmig Choralbuch, worinnen alle Melodien, des Schleswig-Hollsteinischen Gesangbuchs, enthalten sind		O süßes Wort, das Gott nach langen						2022-07-25	Microsoft Windows			Vierstimmig Choralbuch, worinnen alle Melodien, des Schleswig-Hollsteinischen Gesangbuchs, enthalten sind	O süßes Wort, das Gott nach langen	Johann Balthasar Rein	3.6.2	2.5.3	1755_VierstimmigChoralbuch/Analysis-MusiCAU	1755_VierstimmigChoralbuch/Analysis-MusiCAU/A-MCAU_RE1755-152.mscx	False	42-76 (F#2-E5)	Piano	66-76 (F#4-E5)	Piano	42-59 (F#2-B3)
A-MCAU_RE1755-153	1: 4/4	1: 0	38	38	152.0	38	38	152.0	290.0	259	135	0	0	0		1755	1755	Johann Balthasar Rein	Vierstimmig Choralbuch, worinnen alle Melodien, des Schleswig-Hollsteinischen Gesangbuchs, enthalten sind		Kyrie! Gott Vater in Ewigkeit						2022-07-25	Microsoft Windows			Vierstimmig Choralbuch, worinnen alle Melodien, des Schleswig-Hollsteinischen Gesangbuchs, enthalten sind	Kyrie! Gott Vater in Ewigkeit	Johann Balthasar Rein	3.6.2	2.5.3	1755_VierstimmigChoralbuch/Analysis-MusiCAU	1755_VierstimmigChoralbuch/Analysis-MusiCAU/A-MCAU_RE1755-153.mscx	False	41-74 (F2-D5)	Piano	62-74 (D4-D5)	Piano	41-55 (F2-G3)
A-MCAU_RE1755-154	1: 4/4	1: -2	10	10	40.0	15	15	60.0	72.0	75	39	0	0	0		1755	1755	Johann Balthasar Rein	Vierstimmig Choralbuch, worinnen alle Melodien, des Schleswig-Hollsteinischen Gesangbuchs, enthalten sind		Mein Jesu, hier sind seine Brüder						2022-07-25	Microsoft Windows			Vierstimmig Choralbuch, worinnen alle Melodien, des Schleswig-Hollsteinischen Gesangbuchs, enthalten sind	Mein Jesu, hier sind seine Brüder	Johann Balthasar Rein	3.6.2	2.5.3	1755_VierstimmigChoralbuch/Analysis-MusiCAU	1755_VierstimmigChoralbuch/Analysis-MusiCAU/A-MCAU_RE1755-154.mscx	False	41-75 (F2-Eb5)	Piano	62-75 (D4-Eb5)	Piano	41-55 (F2-G3)
A-MCAU_RE1755-155	1: 4/4	1: 1	8	8	32.0	8	8	32.0	64.0	51	26	0	0	0		1755	1755	Johann Balthasar Rein	Vierstimmig Choralbuch, worinnen alle Melodien, des Schleswig-Hollsteinischen Gesangbuchs, enthalten sind		Meine Seel erhebt den Herren						2022-07-25	Microsoft Windows			Vierstimmig Choralbuch, worinnen alle Melodien, des Schleswig-Hollsteinischen Gesangbuchs, enthalten sind	Meine Seel erhebt den Herren	Johann Balthasar Rein	3.6.2	2.5.3	1755_VierstimmigChoralbuch/Analysis-MusiCAU	1755_VierstimmigChoralbuch/Analysis-MusiCAU/A-MCAU_RE1755-155.mscx	False	43-74 (G2-D5)	Piano	64-74 (E4-D5)	Piano	43-57 (G2-A3)
A-MCAU_RE1755-156	1: 4/4	1: 1	18	18	72.0	27	27	108.0	124.0	115	60	0	0	0		1755	1755	Johann Balthasar Rein	Vierstimmig Choralbuch, worinnen alle Melodien, des Schleswig-Hollsteinischen Gesangbuchs, enthalten sind		Mein Abba! deßen treu						2022-07-25	Microsoft Windows			Vierstimmig Choralbuch, worinnen alle Melodien, des Schleswig-Hollsteinischen Gesangbuchs, enthalten sind	Mein Abba! deßen treu	Johann Balthasar Rein	3.6.2	2.5.3	1755_VierstimmigChoralbuch/Analysis-MusiCAU	1755_VierstimmigChoralbuch/Analysis-MusiCAU/A-MCAU_RE1755-156.mscx	False	38-76 (D2-E5)	Piano	62-76 (D4-E5)	Piano	38-57 (D2-A3)
A-MCAU_RE1755-157	1: 4/4	1: -2	19	19	76.0	19	19	76.0	140.0	114	59	0	0	0		1755	1755	Johann Balthasar Rein	Vierstimmig Choralbuch, worinnen alle Melodien, des Schleswig-Hollsteinischen Gesangbuchs, enthalten sind		Lobet den Herrn denn er						2022-07-25	Microsoft Windows			Vierstimmig Choralbuch, worinnen alle Melodien, des Schleswig-Hollsteinischen Gesangbuchs, enthalten sind	Lobet den Herrn denn er	Johann Balthasar Rein	3.6.2	2.5.3	1755_VierstimmigChoralbuch/Analysis-MusiCAU	1755_VierstimmigChoralbuch/Analysis-MusiCAU/A-MCAU_RE1755-157.mscx	False	43-74 (G2-D5)	Piano	66-74 (F#4-D5)	Piano	43-57 (G2-A3)
A-MCAU_RE1755-158	1: 4/4	1: -2	8	8	32.0	12	12	48.0	64.0	59	31	0	0	0		1755	1755	Johann Balthasar Rein	Vierstimmig Choralbuch, worinnen alle Melodien, des Schleswig-Hollsteinischen Gesangbuchs, enthalten sind		Meine Seel ist still zu Gott, zu dem						2022-07-25	Microsoft Windows			Vierstimmig Choralbuch, worinnen alle Melodien, des Schleswig-Hollsteinischen Gesangbuchs, enthalten sind	Meine Seel ist still zu Gott, zu dem	Johann Balthasar Rein	3.6.2	2.5.3	1755_VierstimmigChoralbuch/Analysis-MusiCAU	1755_VierstimmigChoralbuch/Analysis-MusiCAU/A-MCAU_RE1755-158.mscx	False	43-77 (G2-F5)	Piano	66-77 (F#4-F5)	Piano	43-55 (G2-G3)
A-MCAU_RE1755-159	1: 3/4	1: -2	15	15	42.0	15	15	42.0	84.0	68	40	0	0	0		1755	1755	Johann Balthasar Rein	Vierstimmig Choralbuch, worinnen alle Melodien, des Schleswig-Hollsteinischen Gesangbuchs, enthalten sind		Mein Gott, das Hertz ich bringe dir						2022-07-25	Microsoft Windows			Vierstimmig Choralbuch, worinnen alle Melodien, des Schleswig-Hollsteinischen Gesangbuchs, enthalten sind	Mein Gott, das Hertz ich bringe dir	Johann Balthasar Rein	3.6.2	2.5.3	1755_VierstimmigChoralbuch/Analysis-MusiCAU	1755_VierstimmigChoralbuch/Analysis-MusiCAU/A-MCAU_RE1755-159.mscx	False	42-75 (F#2-Eb5)	Piano	62-75 (D4-Eb5)	Piano	42-57 (F#2-A3)
A-MCAU_RE1755-160_SID049	1: 4/4	1: 0	22	22	88.0	28	28	112.0	156.0	148	78	0	0	0	49	1755	1755	Johann Balthasar Rein	Vierstimmig Choralbuch, worinnen alle Melodien, des Schleswig-Hollsteinischen Gesangbuchs, enthalten sind		Mein Heiland, nimmt die Sünder an						2021-03-10	Microsoft Windows			Vierstimmig Choralbuch, worinnen alle Melodien, des Schleswig-Hollsteinischen Gesangbuchs, enthalten sind	Mein Heiland, nimmt die Sünder an	Johann Balthasar Rein	3.6.2	2.5.3	1755_VierstimmigChoralbuch/Analysis-MusiCAU	1755_VierstimmigChoralbuch/Analysis-MusiCAU/A-MCAU_RE1755-160_SID049.mscx	False	42-76 (F#2-E5)	Piano	60-76 (C4-E5)	Piano	42-55 (F#2-G3)
A-MCAU_RE1755-161	1: 4/4	1: 0	18	18	69.0	18	18	69.0	120.0	105	53	0	0	0		1755	1755	Johann Balthasar Rein	Vierstimmig Choralbuch, worinnen alle Melodien, des Schleswig-Hollsteinischen Gesangbuchs, enthalten sind		Mein Vater zeuge mich						2022-07-25	Microsoft Windows			Vierstimmig Choralbuch, worinnen alle Melodien, des Schleswig-Hollsteinischen Gesangbuchs, enthalten sind	Mein Vater zeuge mich	Johann Balthasar Rein	3.6.2	2.5.3	1755_VierstimmigChoralbuch/Analysis-MusiCAU	1755_VierstimmigChoralbuch/Analysis-MusiCAU/A-MCAU_RE1755-161.mscx	False	43-76 (G2-E5)	Piano	60-76 (C4-E5)	Piano	43-57 (G2-A3)
A-MCAU_RE1755-162_SID050	1: 4/4	1: 1	13	13	52.0	13	13	52.0	96.0	96	51	0	0	0	50	1755	1755	Johann Balthasar Rein	Vierstimmig Choralbuch, worinnen alle Melodien, des Schleswig-Hollsteinischen Gesangbuchs, enthalten sind		Mit Fried und Freud ich						2021-03-10	Microsoft Windows			Vierstimmig Choralbuch, worinnen alle Melodien, des Schleswig-Hollsteinischen Gesangbuchs, enthalten sind	Mit Fried und Freud ich	Johann Balthasar Rein	3.6.2	2.5.3	1755_VierstimmigChoralbuch/Analysis-MusiCAU	1755_VierstimmigChoralbuch/Analysis-MusiCAU/A-MCAU_RE1755-162_SID050.mscx	False	42-76 (F#2-E5)	Piano	62-76 (D4-E5)	Piano	42-59 (F#2-B3)
A-MCAU_RE1755-163_SID051	1: 4/4	1: 2	26	26	104.0	30	30	120.0	194.0	177	92	0	0	0	51	1755	1755	Johann Balthasar Rein	Vierstimmig Choralbuch, worinnen alle Melodien, des Schleswig-Hollsteinischen Gesangbuchs, enthalten sind		Mitten wir im Leben sind						2021-03-10	Microsoft Windows			Vierstimmig Choralbuch, worinnen alle Melodien, des Schleswig-Hollsteinischen Gesangbuchs, enthalten sind	Mitten wir im Leben sind	Johann Balthasar Rein	3.6.2	2.5.3	1755_VierstimmigChoralbuch/Analysis-MusiCAU	1755_VierstimmigChoralbuch/Analysis-MusiCAU/A-MCAU_RE1755-163_SID051.mscx	False	40-76 (E2-E5)	Piano	62-76 (D4-E5)	Piano	40-59 (E2-B3)
A-MCAU_RE1755-164_SID052	1: 4/4	1: 1	13	13	52.0	13	13	52.0	96.0	90	48	0	0	0	52	1755	1755	Johann Balthasar Rein	Vierstimmig Choralbuch, worinnen alle Melodien, des Schleswig-Hollsteinischen Gesangbuchs, enthalten sind		Nun bitten wir den heil.						2021-03-10	Microsoft Windows			Vierstimmig Choralbuch, worinnen alle Melodien, des Schleswig-Hollsteinischen Gesangbuchs, enthalten sind	Nun bitten wir den heil.	Johann Balthasar Rein	3.6.2	2.5.3	1755_VierstimmigChoralbuch/Analysis-MusiCAU	1755_VierstimmigChoralbuch/Analysis-MusiCAU/A-MCAU_RE1755-164_SID052.mscx	False	38-76 (D2-E5)	Piano	62-76 (D4-E5)	Piano	38-55 (D2-G3)
A-MCAU_RE1755-165	1: 4/4	1: -2	13	13	52.0	13	13	52.0	100.0	82	42	0	0	0		1755	1755	Johann Balthasar Rein	Vierstimmig Choralbuch, worinnen alle Melodien, des Schleswig-Hollsteinischen Gesangbuchs, enthalten sind		O was für ein herrlich Weesen						2022-07-25	Microsoft Windows			Vierstimmig Choralbuch, worinnen alle Melodien, des Schleswig-Hollsteinischen Gesangbuchs, enthalten sind	O was für ein herrlich Weesen	Johann Balthasar Rein	3.6.2	2.5.3	1755_VierstimmigChoralbuch/Analysis-MusiCAU	1755_VierstimmigChoralbuch/Analysis-MusiCAU/A-MCAU_RE1755-165.mscx	False	38-77 (D2-F5)	Piano	65-77 (F4-F5)	Piano	38-55 (D2-G3)
A-MCAU_RE1755-166_SID056	1: 4/4	1: -2	10	10	40.0	10	10	40.0	72.0	67	35	0	0	0	56	1755	1755	Johann Balthasar Rein	Vierstimmig Choralbuch, worinnen alle Melodien, des Schleswig-Hollsteinischen Gesangbuchs, enthalten sind		Nun laßt uns den Leib begraben						2021-03-15	Microsoft Windows			Vierstimmig Choralbuch, worinnen alle Melodien, des Schleswig-Hollsteinischen Gesangbuchs, enthalten sind	Nun laßt uns den Leib begraben	Johann Balthasar Rein	3.6.2	2.5.3	1755_VierstimmigChoralbuch/Analysis-MusiCAU	1755_VierstimmigChoralbuch/Analysis-MusiCAU/A-MCAU_RE1755-166_SID056.mscx	False	38-75 (D2-Eb5)	Piano	67-75 (G4-Eb5)	Piano	38-55 (D2-G3)
A-MCAU_RE1755-167_SID075	1: 4/4	1: 1	13	13	52.0	18	18	72.0	92.0	79	41	0	0	0	75	1755	1755	Johann Balthasar Rein	Vierstimmig Choralbuch, worinnen alle Melodien, des Schleswig-Hollsteinischen Gesangbuchs, enthalten sind		O auferstandner Sieges-Fürst						2021-04-08	Microsoft Windows			Vierstimmig Choralbuch, worinnen alle Melodien, des Schleswig-Hollsteinischen Gesangbuchs, enthalten sind	O auferstandner Sieges-Fürst	Johann Balthasar Rein	3.6.2	2.5.3	1755_VierstimmigChoralbuch/Analysis-MusiCAU	1755_VierstimmigChoralbuch/Analysis-MusiCAU/A-MCAU_RE1755-167_SID075.mscx	False	43-76 (G2-E5)	Piano	62-76 (D4-E5)	Piano	43-55 (G2-G3)
A-MCAU_RE1755-168	1: 4/4	1: 1	8	8	32.0	8	8	32.0	64.0	62	33	0	0	0		1755	1755	Johann Balthasar Rein	Vierstimmig Choralbuch, worinnen alle Melodien, des Schleswig-Hollsteinischen Gesangbuchs, enthalten sind		O der alles hätt verlohren						2023-07-24	Microsoft Windows			Vierstimmig Choralbuch, worinnen alle Melodien, des Schleswig-Hollsteinischen Gesangbuchs, enthalten sind	O der alles hätt verlohren	Johann Balthasar Rein	3.6.2	2.5.3	1755_VierstimmigChoralbuch/Analysis-MusiCAU	1755_VierstimmigChoralbuch/Analysis-MusiCAU/A-MCAU_RE1755-168.mscx	False	40-74 (E2-D5)	Piano	64-74 (E4-D5)	Piano	40-55 (E2-G3)
A-MCAU_RE1755-169_SID061	1: 4/4	1: 1	14	14	56.0	19	19	76.0	98.0	94	50	0	0	0	61	1755	1755	Johann Balthasar Rein	Vierstimmig Choralbuch, worinnen alle Melodien, des Schleswig-Hollsteinischen Gesangbuchs, enthalten sind		O Lamm Gottes unschuldig						2021-04-08	Microsoft Windows			Vierstimmig Choralbuch, worinnen alle Melodien, des Schleswig-Hollsteinischen Gesangbuchs, enthalten sind	O Lamm Gottes unschuldig	Johann Balthasar Rein	3.6.2	2.5.3	1755_VierstimmigChoralbuch/Analysis-MusiCAU	1755_VierstimmigChoralbuch/Analysis-MusiCAU/A-MCAU_RE1755-169_SID061.mscx	False	42-76 (F#2-E5)	Piano	62-76 (D4-E5)	Piano	42-57 (F#2-A3)
A-MCAU_RE1755-170_SID063	1: 4/4	1: -1	11	11	44.0	11	11	44.0	86.0	77	42	0	0	0	63	1755	1755	Johann Balthasar Rein	Vierstimmig Choralbuch, worinnen alle Melodien, des Schleswig-Hollsteinischen Gesangbuchs, enthalten sind		O wie selig seyd ihr doch, ihr Frommen						2021-04-08	Microsoft Windows			Vierstimmig Choralbuch, worinnen alle Melodien, des Schleswig-Hollsteinischen Gesangbuchs, enthalten sind	O wie selig seyd ihr doch, ihr Frommen	Johann Balthasar Rein	3.6.2	2.5.3	1755_VierstimmigChoralbuch/Analysis-MusiCAU	1755_VierstimmigChoralbuch/Analysis-MusiCAU/A-MCAU_RE1755-170_SID063.mscx	False	38-76 (D2-E5)	Piano	64-76 (E4-E5)	Piano	38-57 (D2-A3)
A-MCAU_RE1755-171_SID064	1: 4/4	1: -3	20	20	80.0	20	20	80.0	160.0	128	65	0	0	0	64	1755	1755	Johann Balthasar Rein	Vierstimmig Choralbuch, worinnen alle Melodien, des Schleswig-Hollsteinischen Gesangbuchs, enthalten sind		O wir armen Sünder!						2021-04-08	Microsoft Windows			Vierstimmig Choralbuch, worinnen alle Melodien, des Schleswig-Hollsteinischen Gesangbuchs, enthalten sind	O wir armen Sünder!	Johann Balthasar Rein	3.6.2	2.5.3	1755_VierstimmigChoralbuch/Analysis-MusiCAU	1755_VierstimmigChoralbuch/Analysis-MusiCAU/A-MCAU_RE1755-171_SID064.mscx	False	41-75 (F2-Eb5)	Piano	63-75 (Eb4-Eb5)	Piano	41-58 (F2-Bb3)
A-MCAU_RE1755-172	1: 4/4	1: 1	13	13	52.0	21	21	84.0	94.0	90	48	0	0	0		1755	1755	Johann Balthasar Rein	Vierstimmig Choralbuch, worinnen alle Melodien, des Schleswig-Hollsteinischen Gesangbuchs, enthalten sind		O Jesu, schönste Seelen-Zier						2022-07-25	Microsoft Windows			Vierstimmig Choralbuch, worinnen alle Melodien, des Schleswig-Hollsteinischen Gesangbuchs, enthalten sind	O Jesu, schönste Seelen-Zier	Johann Balthasar Rein	3.6.2	2.5.3	1755_VierstimmigChoralbuch/Analysis-MusiCAU	1755_VierstimmigChoralbuch/Analysis-MusiCAU/A-MCAU_RE1755-172.mscx	False	42-76 (F#2-E5)	Piano	64-76 (E4-E5)	Piano	42-54 (F#2-F#3)
A-MCAU_RE1755-173	1: 4/4	1: 1	11	11	44.0	11	11	44.0	88.0	76	39	0	0	0		1755	1755	Johann Balthasar Rein	Vierstimmig Choralbuch, worinnen alle Melodien, des Schleswig-Hollsteinischen Gesangbuchs, enthalten sind		Reiner Bräutigam, unbeflecktes						2022-07-25	Microsoft Windows			Vierstimmig Choralbuch, worinnen alle Melodien, des Schleswig-Hollsteinischen Gesangbuchs, enthalten sind	Reiner Bräutigam, unbeflecktes	Johann Balthasar Rein	3.6.2	2.5.3	1755_VierstimmigChoralbuch/Analysis-MusiCAU	1755_VierstimmigChoralbuch/Analysis-MusiCAU/A-MCAU_RE1755-173.mscx	False	43-74 (G2-D5)	Piano	66-74 (F#4-D5)	Piano	43-55 (G2-G3)
A-MCAU_RE1755-174	1: 4/4	1: 0	12	12	48.0	18	18	72.0	84.0	80	42	0	0	0		1755	1755	Johann Balthasar Rein	Vierstimmig Choralbuch, worinnen alle Melodien, des Schleswig-Hollsteinischen Gesangbuchs, enthalten sind		Wer ist wol würdig, isch zu nahen						2022-07-25	Microsoft Windows			Vierstimmig Choralbuch, worinnen alle Melodien, des Schleswig-Hollsteinischen Gesangbuchs, enthalten sind	Wer ist wol würdig, isch zu nahen	Johann Balthasar Rein	3.6.2	2.5.3	1755_VierstimmigChoralbuch/Analysis-MusiCAU	1755_VierstimmigChoralbuch/Analysis-MusiCAU/A-MCAU_RE1755-174.mscx	False	41-77 (F2-F5)	Piano	60-77 (C4-F5)	Piano	41-57 (F2-A3)
A-MCAU_RE1755-175	1: 3/4	1: 0	32	32	90.0	44	44	123.0	180.0	144	81	0	0	0		1755	1755	Johann Balthasar Rein	Vierstimmig Choralbuch, worinnen alle Melodien, des Schleswig-Hollsteinischen Gesangbuchs, enthalten sind		So ruth mein Muth in Jesu Blut und						2022-07-25	Microsoft Windows			Vierstimmig Choralbuch, worinnen alle Melodien, des Schleswig-Hollsteinischen Gesangbuchs, enthalten sind	So ruth mein Muth in Jesu Blut und	Johann Balthasar Rein	3.6.2	2.5.3	1755_VierstimmigChoralbuch/Analysis-MusiCAU	1755_VierstimmigChoralbuch/Analysis-MusiCAU/A-MCAU_RE1755-175.mscx	False	38-76 (D2-E5)	Piano	60-76 (C4-E5)	Piano	38-57 (D2-A3)
A-MCAU_RE1755-176	1: 4/4	1: 1	8	8	32.0	12	12	48.0	64.0	67	36	0	0	0		1755	1755	Johann Balthasar Rein	Vierstimmig Choralbuch, worinnen alle Melodien, des Schleswig-Hollsteinischen Gesangbuchs, enthalten sind		Sieh hier bin ich Ehren-König						2022-07-25	Microsoft Windows			Vierstimmig Choralbuch, worinnen alle Melodien, des Schleswig-Hollsteinischen Gesangbuchs, enthalten sind	Sieh hier bin ich Ehren-König	Johann Balthasar Rein	3.6.2	2.5.3	1755_VierstimmigChoralbuch/Analysis-MusiCAU	1755_VierstimmigChoralbuch/Analysis-MusiCAU/A-MCAU_RE1755-176.mscx	False	38-76 (D2-E5)	Piano	62-76 (D4-E5)	Piano	38-55 (D2-G3)
A-MCAU_RE1755-177	1: 4/4	1: 4	17	17	68.0	23	23	92.0	116.0	108	56	0	0	0		1755	1755	Johann Balthasar Rein	Vierstimmig Choralbuch, worinnen alle Melodien, des Schleswig-Hollsteinischen Gesangbuchs, enthalten sind		Wach auf, wach auf, du sichre Welt						2022-07-25	Microsoft Windows			Vierstimmig Choralbuch, worinnen alle Melodien, des Schleswig-Hollsteinischen Gesangbuchs, enthalten sind	Wach auf, wach auf, du sichre Welt	Johann Balthasar Rein	3.6.2	2.5.3	1755_VierstimmigChoralbuch/Analysis-MusiCAU	1755_VierstimmigChoralbuch/Analysis-MusiCAU/A-MCAU_RE1755-177.mscx	False	42-75 (F#2-D#5)	Piano	64-75 (E4-D#5)	Piano	42-54 (F#2-F#3)
A-MCAU_RE1755-178	1: 4/4	1: 1	19	19	76.0	19	19	76.0	136.0	119	65	0	0	0		1755	1755	Johann Balthasar Rein	Vierstimmig Choralbuch, worinnen alle Melodien, des Schleswig-Hollsteinischen Gesangbuchs, enthalten sind		Wacht auf, ihr Schriften alle						2022-07-25	Microsoft Windows			Vierstimmig Choralbuch, worinnen alle Melodien, des Schleswig-Hollsteinischen Gesangbuchs, enthalten sind	Wacht auf, ihr Schriften alle	Johann Balthasar Rein	3.6.2	2.5.3	1755_VierstimmigChoralbuch/Analysis-MusiCAU	1755_VierstimmigChoralbuch/Analysis-MusiCAU/A-MCAU_RE1755-178.mscx	False	43-74 (G2-D5)	Piano	62-74 (D4-D5)	Piano	43-57 (G2-A3)
A-MCAU_RE1755-179	1: 4/4	1: 0	13	13	52.0	18	18	72.0	94.0	86	45	0	0	0		1755	1755	Johann Balthasar Rein	Vierstimmig Choralbuch, worinnen alle Melodien, des Schleswig-Hollsteinischen Gesangbuchs, enthalten sind		Wenn meine Sünd mich kräncken						2022-07-26	Microsoft Windows			Vierstimmig Choralbuch, worinnen alle Melodien, des Schleswig-Hollsteinischen Gesangbuchs, enthalten sind	Wenn meine Sünd mich kräncken	Johann Balthasar Rein	3.6.2	2.5.3	1755_VierstimmigChoralbuch/Analysis-MusiCAU	1755_VierstimmigChoralbuch/Analysis-MusiCAU/A-MCAU_RE1755-179.mscx	False	43-76 (G2-E5)	Piano	64-76 (E4-E5)	Piano	43-57 (G2-A3)
A-MCAU_RE1755-180	1: 4/4	1: 1	14	14	56.0	20	20	80.0	98.0	94	49	0	0	0		1755	1755	Johann Balthasar Rein	Vierstimmig Choralbuch, worinnen alle Melodien, des Schleswig-Hollsteinischen Gesangbuchs, enthalten sind		Wen seh´ ich dort an jenem Berge liegen						2022-07-26	Microsoft Windows			Vierstimmig Choralbuch, worinnen alle Melodien, des Schleswig-Hollsteinischen Gesangbuchs, enthalten sind	Wen seh´ ich dort an jenem Berge liegen	Johann Balthasar Rein	3.6.2	2.5.3	1755_VierstimmigChoralbuch/Analysis-MusiCAU	1755_VierstimmigChoralbuch/Analysis-MusiCAU/A-MCAU_RE1755-180.mscx	False	42-78 (F#2-F#5)	Piano	64-78 (E4-F#5)	Piano	42-59 (F#2-B3)
A-MCAU_RE1755-181	1: 3/4	1: -2	20	20	60.0	28	28	84.0	120.0	108	58	0	0	0		1755	1755	Johann Balthasar Rein	Vierstimmig Choralbuch, worinnen alle Melodien, des Schleswig-Hollsteinischen Gesangbuchs, enthalten sind		Seligstes Weesen, unendliche Wonne						2022-07-26	Microsoft Windows			Vierstimmig Choralbuch, worinnen alle Melodien, des Schleswig-Hollsteinischen Gesangbuchs, enthalten sind	Seligstes Weesen, unendliche Wonne	Johann Balthasar Rein	3.6.2	2.5.3	1755_VierstimmigChoralbuch/Analysis-MusiCAU	1755_VierstimmigChoralbuch/Analysis-MusiCAU/A-MCAU_RE1755-181.mscx	False	41-77 (F2-F5)	Piano	62-77 (D4-F5)	Piano	41-55 (F2-G3)
A-MCAU_RE1755-182_SID084	1: 4/4	1: -1	31	31	124.0	31	31	124.0	240.0	219	113	0	0	0	84	1755	1755	Johann Balthasar Rein	Vierstimmig Choralbuch, worinnen alle Melodien, des Schleswig-Hollsteinischen Gesangbuchs, enthalten sind		Wir gläuben all an einen Gott						2021-04-08	Microsoft Windows			Vierstimmig Choralbuch, worinnen alle Melodien, des Schleswig-Hollsteinischen Gesangbuchs, enthalten sind	Wir gläuben all an einen Gott	Johann Balthasar Rein	3.6.2	2.5.3	1755_VierstimmigChoralbuch/Analysis-MusiCAU	1755_VierstimmigChoralbuch/Analysis-MusiCAU/A-MCAU_RE1755-182_SID084.mscx	False	40-76 (E2-E5)	Piano	61-76 (C#4-E5)	Piano	40-57 (E2-A3)
A-MCAU_RE1755-183	1: 4/4	1: 4	12	12	48.0	16	16	64.0	96.0	95	49	0	0	0		1755	1755	Johann Balthasar Rein	Vierstimmig Choralbuch, worinnen alle Melodien, des Schleswig-Hollsteinischen Gesangbuchs, enthalten sind		O Durchbrecher aller Bande						2022-07-26	Microsoft Windows			Vierstimmig Choralbuch, worinnen alle Melodien, des Schleswig-Hollsteinischen Gesangbuchs, enthalten sind	O Durchbrecher aller Bande	Johann Balthasar Rein	3.6.2	2.5.3	1755_VierstimmigChoralbuch/Analysis-MusiCAU	1755_VierstimmigChoralbuch/Analysis-MusiCAU/A-MCAU_RE1755-183.mscx	False	40-76 (E2-E5)	Piano	64-76 (E4-E5)	Piano	40-59 (E2-B3)
A-MCAU_RE1755-184	1: 4/4	1: -2	16	16	64.0	16	16	64.0	112.0	105	53	0	0	0		1755	1755	Johann Balthasar Rein	Vierstimmig Choralbuch, worinnen alle Melodien, des Schleswig-Hollsteinischen Gesangbuchs, enthalten sind		Ich armes Menschen-Kind						2022-07-26	Microsoft Windows			Vierstimmig Choralbuch, worinnen alle Melodien, des Schleswig-Hollsteinischen Gesangbuchs, enthalten sind	Ich armes Menschen-Kind	Johann Balthasar Rein	3.6.2	2.5.3	1755_VierstimmigChoralbuch/Analysis-MusiCAU	1755_VierstimmigChoralbuch/Analysis-MusiCAU/A-MCAU_RE1755-184.mscx	False	41-74 (F2-D5)	Piano	62-74 (D4-D5)	Piano	41-55 (F2-G3)
A-MCAU_RE1755-185	1: 4/4, 14: 3/4	1: 1	21	21	76.0	21	21	76.0	152.0	125	66	0	0	0		1755	1755	Johann Balthasar Rein	Vierstimmig Choralbuch, worinnen alle Melodien, des Schleswig-Hollsteinischen Gesangbuchs, enthalten sind		Welt ade! ich bin dein müde						2022-07-26	Microsoft Windows			Vierstimmig Choralbuch, worinnen alle Melodien, des Schleswig-Hollsteinischen Gesangbuchs, enthalten sind	Welt ade! ich bin dein müde	Johann Balthasar Rein	3.6.2	2.5.3	1755_VierstimmigChoralbuch/Analysis-MusiCAU	1755_VierstimmigChoralbuch/Analysis-MusiCAU/A-MCAU_RE1755-185.mscx	False	43-74 (G2-D5)	Piano	64-74 (E4-D5)	Piano	43-59 (G2-B3)
A-MCAU_RE1755-186	1: 4/4	1: 1	9	9	36.0	9	9	36.0	72.0	66	33	0	0	0		1755	1755	Johann Balthasar Rein	Vierstimmig Choralbuch, worinnen alle Melodien, des Schleswig-Hollsteinischen Gesangbuchs, enthalten sind		Liebster Jesu, du wirst kommen						2022-07-26	Microsoft Windows			Vierstimmig Choralbuch, worinnen alle Melodien, des Schleswig-Hollsteinischen Gesangbuchs, enthalten sind	Liebster Jesu, du wirst kommen	Johann Balthasar Rein	3.6.2	2.5.3	1755_VierstimmigChoralbuch/Analysis-MusiCAU	1755_VierstimmigChoralbuch/Analysis-MusiCAU/A-MCAU_RE1755-186.mscx	False	43-76 (G2-E5)	Piano	64-76 (E4-E5)	Piano	43-55 (G2-G3)
A-MCAU_RE1755-187	1: 4/4	1: 2	13	13	52.0	20	20	80.0	92.0	87	48	0	0	0		1755	1755	Johann Balthasar Rein	Vierstimmig Choralbuch, worinnen alle Melodien, des Schleswig-Hollsteinischen Gesangbuchs, enthalten sind		Was ist der Mensch, daß du Herr						2022-07-26	Microsoft Windows			Vierstimmig Choralbuch, worinnen alle Melodien, des Schleswig-Hollsteinischen Gesangbuchs, enthalten sind	Was ist der Mensch, daß du Herr	Johann Balthasar Rein	3.6.2	2.5.3	1755_VierstimmigChoralbuch/Analysis-MusiCAU	1755_VierstimmigChoralbuch/Analysis-MusiCAU/A-MCAU_RE1755-187.mscx	False	43-76 (G2-E5)	Piano	62-76 (D4-E5)	Piano	43-57 (G2-A3)
A-MCAU_RE1755-188	1: 4/4	1: 1	13	13	52.0	18	18	72.0	100.0	99	51	0	0	0		1755	1755	Johann Balthasar Rein	Vierstimmig Choralbuch, worinnen alle Melodien, des Schleswig-Hollsteinischen Gesangbuchs, enthalten sind		Liebes Hertz, bedencke doch						2022-07-26	Microsoft Windows			Vierstimmig Choralbuch, worinnen alle Melodien, des Schleswig-Hollsteinischen Gesangbuchs, enthalten sind	Liebes Hertz, bedencke doch	Johann Balthasar Rein	3.6.2	2.5.3	1755_VierstimmigChoralbuch/Analysis-MusiCAU	1755_VierstimmigChoralbuch/Analysis-MusiCAU/A-MCAU_RE1755-188.mscx	False	40-74 (E2-D5)	Piano	64-74 (E4-D5)	Piano	40-57 (E2-A3)
A-MCAU_RE1755-189_SID071	1: 4/4	1: 2	10	10	40.0	10	10	40.0	72.0	66	33	0	0	0	71	1755	1755	Johann Balthasar Rein	Vierstimmig Choralbuch, worinnen alle Melodien, des Schleswig-Hollsteinischen Gesangbuchs, enthalten sind		Vom Himmel hoch da komm						2021-04-08	Microsoft Windows			Vierstimmig Choralbuch, worinnen alle Melodien, des Schleswig-Hollsteinischen Gesangbuchs, enthalten sind	Vom Himmel hoch da komm	Johann Balthasar Rein	3.6.2	2.5.3	1755_VierstimmigChoralbuch/Analysis-MusiCAU	1755_VierstimmigChoralbuch/Analysis-MusiCAU/A-MCAU_RE1755-189_SID071.mscx	False	43-74 (G2-D5)	Piano	62-74 (D4-D5)	Piano	43-57 (G2-A3)
A-MCAU_RE1755-190	1: 4/4	1: 1	8	8	32.0	8	8	32.0	64.0	53	28	0	0	0		1755	1755	Johann Balthasar Rein	Vierstimmig Choralbuch, worinnen alle Melodien, des Schleswig-Hollsteinischen Gesangbuchs, enthalten sind		Den die Engel droben						2022-07-26	Microsoft Windows			Vierstimmig Choralbuch, worinnen alle Melodien, des Schleswig-Hollsteinischen Gesangbuchs, enthalten sind	Den die Engel droben	Johann Balthasar Rein	3.6.2	2.5.3	1755_VierstimmigChoralbuch/Analysis-MusiCAU	1755_VierstimmigChoralbuch/Analysis-MusiCAU/A-MCAU_RE1755-190.mscx	False	42-74 (F#2-D5)	Piano	67-74 (G4-D5)	Piano	42-55 (F#2-G3)
A-MCAU_RE1755-191	1: 4/4	1: -2	9	9	36.0	9	9	36.0	72.0	61	31	0	0	0		1755	1755	Johann Balthasar Rein	Vierstimmig Choralbuch, worinnen alle Melodien, des Schleswig-Hollsteinischen Gesangbuchs, enthalten sind		Höchster Priester, der du dich						2022-07-26	Microsoft Windows			Vierstimmig Choralbuch, worinnen alle Melodien, des Schleswig-Hollsteinischen Gesangbuchs, enthalten sind	Höchster Priester, der du dich	Johann Balthasar Rein	3.6.2	2.5.3	1755_VierstimmigChoralbuch/Analysis-MusiCAU	1755_VierstimmigChoralbuch/Analysis-MusiCAU/A-MCAU_RE1755-191.mscx	False	43-77 (G2-F5)	Piano	66-77 (F#4-F5)	Piano	43-58 (G2-Bb3)
A-MCAU_RE1755-192	1: 4/4	1: 1	18	18	72.0	22	22	88.0	128.0	113	57	0	0	0		1755	1755	Johann Balthasar Rein	Vierstimmig Choralbuch, worinnen alle Melodien, des Schleswig-Hollsteinischen Gesangbuchs, enthalten sind		Verborgener Gott! du wohnst in einem Lichte						2022-07-26	Microsoft Windows			Vierstimmig Choralbuch, worinnen alle Melodien, des Schleswig-Hollsteinischen Gesangbuchs, enthalten sind	Verborgener Gott! du wohnst in einem Lichte	Johann Balthasar Rein	3.6.2	2.5.3	1755_VierstimmigChoralbuch/Analysis-MusiCAU	1755_VierstimmigChoralbuch/Analysis-MusiCAU/A-MCAU_RE1755-192.mscx	False	40-76 (E2-E5)	Piano	64-76 (E4-E5)	Piano	40-55 (E2-G3)
A-MCAU_RE1755-193	1: 3/4	1: 0	17	17	49.0	25	25	73.0	98.0	92	48	0	0	0		1755	1755	Johann Balthasar Rein	Vierstimmig Choralbuch, worinnen alle Melodien, des Schleswig-Hollsteinischen Gesangbuchs, enthalten sind		Friede! ach Friede! ach göttl.						2022-07-26	Microsoft Windows			Vierstimmig Choralbuch, worinnen alle Melodien, des Schleswig-Hollsteinischen Gesangbuchs, enthalten sind	Friede! ach Friede! ach göttl.	Johann Balthasar Rein	3.6.2	2.5.3	1755_VierstimmigChoralbuch/Analysis-MusiCAU	1755_VierstimmigChoralbuch/Analysis-MusiCAU/A-MCAU_RE1755-193.mscx	False	45-76 (A2-E5)	Piano	64-76 (E4-E5)	Piano	45-57 (A2-A3)
A-MCAU_RE1755-194	1: 3/4	1: -3	16	16	48.0	24	24	72.0	96.0	83	44	0	0	0		1755	1755	Johann Balthasar Rein	Vierstimmig Choralbuch, worinnen alle Melodien, des Schleswig-Hollsteinischen Gesangbuchs, enthalten sind		Lobe, o Seele, den mächtigen Herrn						2022-07-26	Microsoft Windows			Vierstimmig Choralbuch, worinnen alle Melodien, des Schleswig-Hollsteinischen Gesangbuchs, enthalten sind	Lobe, o Seele, den mächtigen Herrn	Johann Balthasar Rein	3.6.2	2.5.3	1755_VierstimmigChoralbuch/Analysis-MusiCAU	1755_VierstimmigChoralbuch/Analysis-MusiCAU/A-MCAU_RE1755-194.mscx	False	39-75 (Eb2-Eb5)	Piano	62-75 (D4-Eb5)	Piano	39-58 (Eb2-Bb3)
A-MCAU_RE1755-195	1: 4/4	1: -1	14	14	56.0	14	14	56.0	108.0	96	50	0	0	0		1755	1755	Johann Balthasar Rein	Vierstimmig Choralbuch, worinnen alle Melodien, des Schleswig-Hollsteinischen Gesangbuchs, enthalten sind		Treuer Vater! deine Liebe						2022-07-26	Microsoft Windows			Vierstimmig Choralbuch, worinnen alle Melodien, des Schleswig-Hollsteinischen Gesangbuchs, enthalten sind	Treuer Vater! deine Liebe	Johann Balthasar Rein	3.6.2	2.5.3	1755_VierstimmigChoralbuch/Analysis-MusiCAU	1755_VierstimmigChoralbuch/Analysis-MusiCAU/A-MCAU_RE1755-195.mscx	False	41-76 (F2-E5)	Piano	62-76 (D4-E5)	Piano	41-55 (F2-G3)
A-MCAU_RE1755-196	1: 4/4	1: 3	9	9	36.0	14	14	56.0	68.0	59	31	0	0	0		1755	1755	Johann Balthasar Rein	Vierstimmig Choralbuch, worinnen alle Melodien, des Schleswig-Hollsteinischen Gesangbuchs, enthalten sind		Auf! ihr Christen, Christi-Glieder						2022-07-26	Microsoft Windows			Vierstimmig Choralbuch, worinnen alle Melodien, des Schleswig-Hollsteinischen Gesangbuchs, enthalten sind	Auf! ihr Christen, Christi-Glieder	Johann Balthasar Rein	3.6.2	2.5.3	1755_VierstimmigChoralbuch/Analysis-MusiCAU	1755_VierstimmigChoralbuch/Analysis-MusiCAU/A-MCAU_RE1755-196.mscx	False	40-76 (E2-E5)	Piano	69-76 (A4-E5)	Piano	40-59 (E2-B3)
A-MCAU_RE1755-197	1: 4/4	1: -2	57	57	228.0	97	97	388.0	400.0	320	162	0	0	0		1755	1755	Johann Balthasar Rein	Vierstimmig Choralbuch, worinnen alle Melodien, des Schleswig-Hollsteinischen Gesangbuchs, enthalten sind		Kyrie! Eleison! (die Litaney)						2022-07-26	Microsoft Windows			Vierstimmig Choralbuch, worinnen alle Melodien, des Schleswig-Hollsteinischen Gesangbuchs, enthalten sind	Kyrie! Eleison! (die Litaney)	Johann Balthasar Rein	3.6.2	2.5.3	1755_VierstimmigChoralbuch/Analysis-MusiCAU	1755_VierstimmigChoralbuch/Analysis-MusiCAU/A-MCAU_RE1755-197.mscx	False	38-74 (D2-D5)	Piano	67-74 (G4-D5)	Piano	38-58 (D2-Bb3)
A-MCAU_RE1755-198	1: 4/4	1: -2	49	49	196.0	94	94	376.0	356.0	302	154	0	0	0		1755	1755	Johann Balthasar Rein	Vierstimmig Choralbuch, worinnen alle Melodien, des Schleswig-Hollsteinischen Gesangbuchs, enthalten sind		Kyrie! Ach Vater allerhöchster Gott						2022-07-26	Microsoft Windows			Vierstimmig Choralbuch, worinnen alle Melodien, des Schleswig-Hollsteinischen Gesangbuchs, enthalten sind	Kyrie! Ach Vater allerhöchster Gott	Johann Balthasar Rein	3.6.2	2.5.3	1755_VierstimmigChoralbuch/Analysis-MusiCAU	1755_VierstimmigChoralbuch/Analysis-MusiCAU/A-MCAU_RE1755-198.mscx	False	41-75 (F2-Eb5)	Piano	62-75 (D4-Eb5)	Piano	41-58 (F2-Bb3)
A-MCAU_RE1755-199	1: 4/4	1: 0	9	9	36.0	14	14	56.0	68.0	59	30	0	0	0		1755	1755	Johann Balthasar Rein	Vierstimmig Choralbuch, worinnen alle Melodien, des Schleswig-Hollsteinischen Gesangbuchs, enthalten sind		Seele! geh auf Golgatha						2022-07-26	Microsoft Windows			Vierstimmig Choralbuch, worinnen alle Melodien, des Schleswig-Hollsteinischen Gesangbuchs, enthalten sind	Seele! geh auf Golgatha	Johann Balthasar Rein	3.6.2	2.5.3	1755_VierstimmigChoralbuch/Analysis-MusiCAU	1755_VierstimmigChoralbuch/Analysis-MusiCAU/A-MCAU_RE1755-199.mscx	False	41-76 (F2-E5)	Piano	60-76 (C4-E5)	Piano	41-55 (F2-G3)
A-MCAU_RE1755-200	1: 4/4	1: 3	12	12	48.0	16	16	64.0	96.0	92	47	0	0	0		1755	1755	Johann Balthasar Rein	Vierstimmig Choralbuch, worinnen alle Melodien, des Schleswig-Hollsteinischen Gesangbuchs, enthalten sind		Du, o schönes Weltgebäude						2022-07-26	Microsoft Windows			Vierstimmig Choralbuch, worinnen alle Melodien, des Schleswig-Hollsteinischen Gesangbuchs, enthalten sind	Du, o schönes Weltgebäude	Johann Balthasar Rein	3.6.2	2.5.3	1755_VierstimmigChoralbuch/Analysis-MusiCAU	1755_VierstimmigChoralbuch/Analysis-MusiCAU/A-MCAU_RE1755-200.mscx	False	40-76 (E2-E5)	Piano	64-76 (E4-E5)	Piano	40-57 (E2-A3)
A-MCAU_RE1755-201	1: 4/4	1: 0	10	10	40.0	15	15	60.0	72.0	67	35	0	0	0		1755	1755	Johann Balthasar Rein	Vierstimmig Choralbuch, worinnen alle Melodien, des Schleswig-Hollsteinischen Gesangbuchs, enthalten sind		Ach! sagt mir nichts von Gold und						2022-07-26	Microsoft Windows			Vierstimmig Choralbuch, worinnen alle Melodien, des Schleswig-Hollsteinischen Gesangbuchs, enthalten sind	Ach! sagt mir nichts von Gold und	Johann Balthasar Rein	3.6.2	2.5.3	1755_VierstimmigChoralbuch/Analysis-MusiCAU	1755_VierstimmigChoralbuch/Analysis-MusiCAU/A-MCAU_RE1755-201.mscx	False	41-77 (F2-F5)	Piano	60-77 (C4-F5)	Piano	41-55 (F2-G3)
